boot,bar,flips,dflips,cum_fail
2,1,1,0,0
2,2,17,16,0
2,3,33,16,0
2,4,49,16,0
2,5,65,16,0
2,6,81,16,0
2,7,97,16,0
2,8,113,16,0
2,9,129,16,0
2,10,145,16,0
2,11,161,16,0
2,12,177,16,0
2,13,193,16,0
2,14,209,16,0
2,15,225,16,0
2,16,241,16,0
2,17,257,16,0
2,18,273,16,0
2,19,289,16,0
2,20,305,16,0
2,21,321,16,0
2,22,337,16,0
2,23,353,16,0
2,24,369,16,0
2,25,385,16,0
2,26,401,16,0
2,27,417,16,0
2,28,433,16,0
2,29,449,16,0
2,30,465,16,0
2,31,481,16,0
2,32,497,16,0
2,33,513,16,0
2,34,529,16,0
2,35,545,16,0
2,36,561,16,0
2,37,577,16,0
2,38,593,16,0
2,39,609,16,0
2,40,625,16,0
2,41,641,16,0
2,42,657,16,0
2,43,673,16,0
2,44,689,16,0
2,45,705,16,0
2,46,721,16,0
2,47,737,16,0
2,48,753,16,0
2,49,769,16,0
2,50,785,16,0
2,51,801,16,0
2,52,817,16,0
2,53,833,16,0
2,54,849,16,0
2,55,865,16,0
2,56,881,16,0
2,57,897,16,0
2,58,913,16,0
2,59,929,16,0
2,60,945,16,0
2,61,961,16,0
2,62,977,16,0
2,63,993,16,0
2,64,1010,17,0
2,65,1025,15,0
2,66,1041,16,0
2,67,1057,16,0
2,68,1073,16,0
2,69,1090,17,0
2,70,1105,15,0
2,71,1121,16,0
2,72,1137,16,0
2,73,1153,16,0
2,74,1169,16,0
2,75,1185,16,0
2,76,1201,16,0
2,77,1217,16,0
2,78,1233,16,0
2,79,1249,16,0
2,80,1265,16,0
2,81,1281,16,0
2,82,1297,16,0
2,83,1313,16,0
2,84,1329,16,0
2,85,1345,16,0
2,86,1361,16,0
2,87,1377,16,0
2,88,1393,16,0
2,89,1409,16,0
2,90,1425,16,0
2,91,1441,16,0
2,92,1457,16,0
2,93,1473,16,0
2,94,1489,16,0
2,95,1505,16,0
2,96,1521,16,0
2,97,1537,16,0
2,98,1553,16,0
2,99,1569,16,0
2,100,1585,16,0
2,101,1601,16,0
2,102,1617,16,0
2,103,1633,16,0
2,104,1649,16,0
2,105,1665,16,0
2,106,1681,16,0
2,107,1697,16,0
2,108,1713,16,0
2,109,1729,16,0
2,110,1745,16,0
2,111,1761,16,0
2,112,1777,16,0
2,113,1793,16,0
2,114,1809,16,0
2,115,1825,16,0
2,116,1841,16,0
2,117,1857,16,0
2,118,1873,16,0
2,119,1889,16,0
2,120,1905,16,0
2,121,1921,16,0
2,122,1937,16,0
2,123,1953,16,0
2,124,1969,16,0
2,125,1985,16,0
2,126,2001,16,0
2,127,2017,16,0
2,128,2033,16,0
2,129,2049,16,0
2,130,2065,16,0
2,131,2081,16,0
2,132,2097,16,0
2,133,2113,16,0
2,134,2129,16,0
2,135,2145,16,0
2,136,2161,16,0
2,137,2177,16,0
2,138,2193,16,0
2,139,2209,16,0
2,140,2225,16,0
2,141,2241,16,0
2,142,2257,16,0
2,143,2273,16,0
2,144,2289,16,0
2,145,2305,16,0
2,146,2321,16,0
2,147,2337,16,0
2,148,2353,16,0
2,149,2369,16,0
2,150,2385,16,0
2,151,2401,16,0
2,152,2417,16,0
2,153,2433,16,0
2,154,2449,16,0
2,155,2465,16,0
2,156,2481,16,0
2,157,2497,16,0
2,158,2513,16,0
2,159,2529,16,0
2,160,2545,16,0
2,161,2561,16,0
2,162,2577,16,0
2,163,2593,16,0
2,164,2609,16,0
2,165,2625,16,0
2,166,2641,16,0
2,167,2657,16,0
2,168,2673,16,0
2,169,2689,16,0
2,170,2705,16,0
2,171,2721,16,0
2,172,2737,16,0
2,173,2753,16,0
2,174,2769,16,0
2,175,2785,16,0
2,176,2801,16,0
2,177,2817,16,0
2,178,2833,16,0
2,179,2849,16,0
2,180,2865,16,0
2,181,2881,16,0
2,182,2897,16,0
2,183,2913,16,0
2,184,2929,16,0
2,185,2945,16,0
2,186,2961,16,0
2,187,2977,16,0
2,188,2993,16,0
2,189,3009,16,0
2,190,3025,16,0
2,191,3041,16,0
2,192,3057,16,0
2,193,3073,16,0
2,194,3089,16,0
2,195,3105,16,0
2,196,3121,16,0
2,197,3137,16,0
2,198,3153,16,0
2,199,3169,16,0
2,200,3185,16,0
2,201,3201,16,0
2,202,3217,16,0
2,203,3233,16,0
2,204,3249,16,0
2,205,3265,16,0
2,206,3281,16,0
2,207,3297,16,0
2,208,3313,16,0
2,209,3329,16,0
2,210,3345,16,0
2,211,3361,16,0
2,212,3377,16,0
2,213,3393,16,0
2,214,3409,16,0
2,215,3425,16,0
2,216,3441,16,0
2,217,3457,16,0
2,218,3473,16,0
2,219,3489,16,0
2,220,3505,16,0
2,221,3521,16,0
2,222,3537,16,0
2,223,3553,16,0
2,224,3569,16,0
2,225,3585,16,0
2,226,3601,16,0
2,227,3617,16,0
2,228,3633,16,0
2,229,3649,16,0
2,230,3665,16,0
2,231,3681,16,0
2,232,3697,16,0
2,233,3713,16,0
2,234,3729,16,0
2,235,3745,16,0
2,236,3762,17,0
2,237,3777,15,0
2,238,3793,16,0
2,239,3809,16,0
2,240,3825,16,0
2,241,3841,16,0
2,242,3857,16,0
2,243,3873,16,0
2,244,3889,16,0
2,245,3905,16,0
2,246,3921,16,0
2,247,3937,16,0
2,248,3953,16,0
2,249,3969,16,0
2,250,3985,16,0
2,251,4001,16,0
2,252,4017,16,0
2,253,4033,16,0
2,254,4049,16,0
2,255,4065,16,0
2,256,4081,16,0
2,257,4097,16,0
2,258,4113,16,0
2,259,4129,16,0
2,260,4145,16,0
2,261,4161,16,0
2,262,4177,16,0
2,263,4193,16,0
2,264,4209,16,0
2,265,4225,16,0
2,266,4241,16,0
2,267,4257,16,0
2,268,4273,16,0
2,269,4289,16,0
2,270,4305,16,0
2,271,4321,16,0
2,272,4337,16,0
2,273,4353,16,0
2,274,4369,16,0
2,275,4385,16,0
2,276,4401,16,0
2,277,4417,16,0
2,278,4433,16,0
2,279,4449,16,0
2,280,4465,16,0
2,281,4481,16,0
2,282,4497,16,0
2,283,4513,16,0
2,284,4529,16,0
2,285,4545,16,0
2,286,4561,16,0
2,287,4577,16,0
2,288,4593,16,0
2,289,4609,16,0
2,290,4625,16,0
2,291,4641,16,0
2,292,4657,16,0
2,293,4673,16,0
2,294,4689,16,0
2,295,4705,16,0
2,296,4721,16,0
2,297,4737,16,0
2,298,4753,16,0
2,299,4769,16,0
2,300,4785,16,0
2,301,4801,16,0
2,302,4817,16,0
2,303,4833,16,0
2,304,4849,16,0
2,305,4865,16,0
2,306,4881,16,0
2,307,4897,16,0
2,308,4913,16,0
2,309,4929,16,0
2,310,4945,16,0
2,311,4961,16,0
2,312,4977,16,0
2,313,4993,16,0
2,314,5009,16,0
2,315,5025,16,0
2,316,5041,16,0
2,317,5057,16,0
2,318,5073,16,0
2,319,5090,17,0
2,320,5105,15,0
2,321,5121,16,0
2,322,5137,16,0
2,323,5153,16,0
2,324,5169,16,0
2,325,5185,16,0
2,326,5201,16,0
2,327,5217,16,0
2,328,5233,16,0
2,329,5249,16,0
2,330,5265,16,0
2,331,5281,16,0
2,332,5297,16,0
2,333,5313,16,0
2,334,5329,16,0
2,335,5345,16,0
2,336,5361,16,0
2,337,5377,16,0
2,338,5393,16,0
2,339,5409,16,0
2,340,5425,16,0
2,341,5441,16,0
2,342,5457,16,0
2,343,5473,16,0
2,344,5489,16,0
2,345,5505,16,0
2,346,5521,16,0
2,347,5537,16,0
2,348,5553,16,0
2,349,5569,16,0
2,350,5585,16,0
2,351,5601,16,0
2,352,5617,16,0
2,353,5633,16,0
2,354,5649,16,0
2,355,5665,16,0
2,356,5681,16,0
2,357,5697,16,0
2,358,5713,16,0
2,359,5729,16,0
2,360,5745,16,0
2,361,5761,16,0
2,362,5777,16,0
2,363,5793,16,0
2,364,5809,16,0
2,365,5825,16,0
2,366,5841,16,0
2,367,5857,16,0
2,368,5873,16,0
2,369,5889,16,0
2,370,5905,16,0
2,371,5921,16,0
2,372,5937,16,0
2,373,5953,16,0
2,374,5969,16,0
2,375,5985,16,0
2,376,6001,16,0
2,377,6017,16,0
2,378,6033,16,0
2,379,6049,16,0
2,380,6065,16,0
2,381,6081,16,0
2,382,6097,16,0
2,383,6113,16,0
2,384,6129,16,0
2,385,6145,16,0
2,386,6161,16,0
2,387,6177,16,0
2,388,6193,16,0
2,389,6209,16,0
2,390,6225,16,0
2,391,6241,16,0
2,392,6257,16,0
2,393,6273,16,0
2,394,6289,16,0
2,395,6305,16,0
2,396,6321,16,0
2,397,6337,16,0
2,398,6353,16,0
2,399,6369,16,0
2,400,6385,16,0
2,401,6401,16,0
2,402,6417,16,0
2,403,6433,16,0
2,404,6449,16,0
2,405,6465,16,0
2,406,6481,16,0
2,407,6497,16,0
2,408,6513,16,0
2,409,6529,16,0
2,410,6545,16,0
2,411,6561,16,0
2,412,6577,16,0
2,413,6593,16,0
2,414,6609,16,0
2,415,6625,16,0
2,416,6641,16,0
2,417,6657,16,0
2,418,6673,16,0
2,419,6689,16,0
2,420,6705,16,0
2,421,6721,16,0
2,422,6737,16,0
2,423,6753,16,0
2,424,6769,16,0
2,425,6785,16,0
2,426,6801,16,0
2,427,6817,16,0
2,428,6833,16,0
2,429,6849,16,0
2,430,6865,16,0
2,431,6881,16,0
2,432,6897,16,0
2,433,6913,16,0
2,434,6929,16,0
2,435,6945,16,0
2,436,6961,16,0
2,437,6977,16,0
2,438,6993,16,0
2,439,7009,16,0
2,440,7025,16,0
2,441,7041,16,0
2,442,7057,16,0
2,443,7073,16,0
2,444,7089,16,0
2,445,7105,16,0
2,446,7121,16,0
2,447,7137,16,0
2,448,7153,16,0
2,449,7169,16,0
2,450,7185,16,0
2,451,7201,16,0
2,452,7217,16,0
2,453,7233,16,0
2,454,7249,16,0
2,455,7265,16,0
2,456,7281,16,0
2,457,7297,16,0
2,458,7313,16,0
2,459,7329,16,0
2,460,7345,16,0
2,461,7361,16,0
2,462,7377,16,0
2,463,7393,16,0
2,464,7409,16,0
2,465,7425,16,0
2,466,7441,16,0
2,467,7457,16,0
2,468,7473,16,0
2,469,7489,16,0
2,470,7505,16,0
2,471,7521,16,0
2,472,7537,16,0
2,473,7553,16,0
2,474,7569,16,0
2,475,7585,16,0
2,476,7601,16,0
2,477,7617,16,0
2,478,7633,16,0
2,479,7649,16,0
2,480,7665,16,0
2,481,7681,16,0
2,482,7697,16,0
2,483,7713,16,0
2,484,7729,16,0
2,485,7745,16,0
2,486,7761,16,0
2,487,7777,16,0
2,488,7793,16,0
2,489,7809,16,0
2,490,7825,16,0
2,491,7841,16,0
2,492,7857,16,0
2,493,7873,16,0
2,494,7889,16,0
2,495,7905,16,0
2,496,7921,16,0
2,497,7937,16,0
2,498,7953,16,0
2,499,7969,16,0
2,500,7985,16,0
2,501,8001,16,0
2,502,8017,16,0
2,503,8033,16,0
2,504,8049,16,0
2,505,8065,16,0
2,506,8081,16,0
2,507,8097,16,0
2,508,8113,16,0
2,509,8129,16,0
2,510,8145,16,0
2,511,8161,16,0
2,512,8177,16,0
2,513,8193,16,0
2,514,8209,16,0
2,515,8225,16,0
2,516,8241,16,0
2,517,8257,16,0
2,518,8273,16,0
2,519,8289,16,0
2,520,8305,16,0
2,521,8321,16,0
2,522,8337,16,0
2,523,8353,16,0
2,524,8369,16,0
2,525,8385,16,0
2,526,8401,16,0
2,527,8417,16,0
2,528,8433,16,0
2,529,8449,16,0
2,530,8465,16,0
2,531,8481,16,0
2,532,8497,16,0
2,533,8513,16,0
2,534,8529,16,0
2,535,8545,16,0
2,536,8561,16,0
2,537,8577,16,0
2,538,8593,16,0
2,539,8609,16,0
2,540,8625,16,0
2,541,8641,16,0
2,542,8657,16,0
2,543,8673,16,0
2,544,8689,16,0
2,545,8705,16,0
2,546,8721,16,0
2,547,8737,16,0
2,548,8753,16,0
2,549,8769,16,0
2,550,8785,16,0
2,551,8801,16,0
2,552,8817,16,0
2,553,8833,16,0
2,554,8849,16,0
2,555,8865,16,0
2,556,8881,16,0
2,557,8897,16,0
2,558,8913,16,0
2,559,8929,16,0
2,560,8945,16,0
2,561,8961,16,0
2,562,8977,16,0
2,563,8993,16,0
2,564,9009,16,0
2,565,9025,16,0
2,566,9041,16,0
2,567,9057,16,0
2,568,9073,16,0
2,569,9089,16,0
2,570,9105,16,0
2,571,9121,16,0
2,572,9137,16,0
2,573,9153,16,0
2,574,9169,16,0
2,575,9185,16,0
2,576,9201,16,0
2,577,9217,16,0
2,578,9233,16,0
2,579,9249,16,0
2,580,9265,16,0
2,581,9281,16,0
2,582,9297,16,0
2,583,9313,16,0
2,584,9329,16,0
2,585,9345,16,0
2,586,9361,16,0
2,587,9377,16,0
2,588,9393,16,0
2,589,9409,16,0
2,590,9425,16,0
2,591,9441,16,0
2,592,9457,16,0
2,593,9473,16,0
2,594,9489,16,0
2,595,9505,16,0
2,596,9521,16,0
2,597,9537,16,0
2,598,9553,16,0
2,599,9569,16,0
2,600,9585,16,0
2,601,9601,16,0
2,602,9617,16,0
2,603,9633,16,0
2,604,9649,16,0
2,605,9665,16,0
2,606,9681,16,0
2,607,9697,16,0
2,608,9713,16,0
2,609,9729,16,0
2,610,9745,16,0
2,611,9761,16,0
2,612,9777,16,0
2,613,9793,16,0
2,614,9809,16,0
2,615,9825,16,0
2,616,9841,16,0
2,617,9857,16,0
2,618,9873,16,0
2,619,9889,16,0
2,620,9905,16,0
2,621,9921,16,0
2,622,9937,16,0
2,623,9953,16,0
2,624,9969,16,0
2,625,9985,16,0
2,626,10001,16,0
2,627,10017,16,0
2,628,10033,16,0
2,629,10049,16,0
2,630,10065,16,0
2,631,10081,16,0
2,632,10097,16,0
2,633,10113,16,0
2,634,10129,16,0
2,635,10145,16,0
2,636,10161,16,0
2,637,10177,16,0
2,638,10193,16,0
2,639,10209,16,0
2,640,10225,16,0
2,641,10241,16,0
2,642,10257,16,0
2,643,10273,16,0
2,644,10289,16,0
2,645,10305,16,0
2,646,10321,16,0
2,647,10337,16,0
2,648,10353,16,0
2,649,10369,16,0
2,650,10385,16,0
2,651,10401,16,0
2,652,10417,16,0
2,653,10433,16,0
2,654,10449,16,0
2,655,10465,16,0
2,656,10481,16,0
2,657,10497,16,0
2,658,10513,16,0
2,659,10529,16,0
2,660,10545,16,0
2,661,10561,16,0
2,662,10577,16,0
2,663,10593,16,0
2,664,10610,17,0
2,665,10625,15,0
2,666,10641,16,0
2,667,10657,16,0
2,668,10673,16,0
2,669,10689,16,0
2,670,10705,16,0
2,671,10721,16,0
2,672,10738,17,0
2,673,10753,15,0
2,674,10769,16,0
2,675,10785,16,0
2,676,10801,16,0
2,677,10817,16,0
2,678,10833,16,0
2,679,10849,16,0
2,680,10865,16,0
2,681,10881,16,0
2,682,10897,16,0
2,683,10913,16,0
2,684,10929,16,0
2,685,10945,16,0
2,686,10961,16,0
2,687,10977,16,0
2,688,10993,16,0
2,689,11009,16,0
2,690,11025,16,0
2,691,11041,16,0
2,692,11057,16,0
2,693,11073,16,0
2,694,11089,16,0
2,695,11105,16,0
2,696,11121,16,0
2,697,11137,16,0
2,698,11153,16,0
2,699,11169,16,0
2,700,11185,16,0
2,701,11201,16,0
2,702,11217,16,0
2,703,11233,16,0
2,704,11249,16,0
2,705,11265,16,0
2,706,11281,16,0
2,707,11297,16,0
2,708,11313,16,0
2,709,11329,16,0
2,710,11345,16,0
2,711,11361,16,0
2,712,11377,16,0
2,713,11393,16,0
2,714,11409,16,0
2,715,11425,16,0
2,716,11441,16,0
2,717,11457,16,0
2,718,11473,16,0
2,719,11489,16,0
2,720,11505,16,0
2,721,11521,16,0
2,722,11537,16,0
2,723,11553,16,0
2,724,11569,16,0
2,725,11585,16,0
2,726,11601,16,0
2,727,11617,16,0
2,728,11633,16,0
2,729,11649,16,0
2,730,11665,16,0
2,731,11681,16,0
2,732,11697,16,0
2,733,11713,16,0
2,734,11729,16,0
2,735,11745,16,0
2,736,11761,16,0
2,737,11777,16,0
2,738,11793,16,0
2,739,11809,16,0
2,740,11825,16,0
2,741,11841,16,0
2,742,11857,16,0
2,743,11873,16,0
2,744,11889,16,0
2,745,11905,16,0
2,746,11921,16,0
2,747,11937,16,0
2,748,11953,16,0
2,749,11969,16,0
2,750,11985,16,0
2,751,12001,16,0
2,752,12017,16,0
2,753,12033,16,0
2,754,12049,16,0
2,755,12065,16,0
2,756,12081,16,0
2,757,12097,16,0
2,758,12113,16,0
2,759,12129,16,0
2,760,12145,16,0
2,761,12161,16,0
2,762,12177,16,0
2,763,12193,16,0
2,764,12209,16,0
2,765,12225,16,0
2,766,12241,16,0
2,767,12257,16,0
2,768,12273,16,0
2,769,12289,16,0
2,770,12305,16,0
2,771,12321,16,0
2,772,12337,16,0
2,773,12353,16,0
2,774,12369,16,0
2,775,12385,16,0
2,776,12401,16,0
2,777,12417,16,0
2,778,12433,16,0
2,779,12449,16,0
2,780,12465,16,0
2,781,12481,16,0
2,782,12497,16,0
2,783,12513,16,0
2,784,12529,16,0
2,785,12545,16,0
2,786,12561,16,0
2,787,12577,16,0
2,788,12593,16,0
2,789,12609,16,0
2,790,12625,16,0
2,791,12641,16,0
2,792,12657,16,0
2,793,12673,16,0
2,794,12689,16,0
2,795,12705,16,0
2,796,12721,16,0
2,797,12737,16,0
2,798,12753,16,0
2,799,12769,16,0
2,800,12785,16,0
2,801,12801,16,0
2,802,12817,16,0
2,803,12833,16,0
2,804,12849,16,0
2,805,12865,16,0
2,806,12881,16,0
2,807,12897,16,0
2,808,12913,16,0
2,809,12929,16,0
2,810,12945,16,0
2,811,12961,16,0
2,812,12977,16,0
2,813,12993,16,0
2,814,13009,16,0
2,815,13025,16,0
2,816,13041,16,0
2,817,13057,16,0
2,818,13073,16,0
2,819,13089,16,0
2,820,13105,16,0
2,821,13121,16,0
2,822,13137,16,0
2,823,13153,16,0
2,824,13169,16,0
2,825,13185,16,0
2,826,13201,16,0
2,827,13217,16,0
2,828,13233,16,0
2,829,13249,16,0
2,830,13265,16,0
2,831,13281,16,0
2,832,13297,16,0
2,833,13313,16,0
2,834,13329,16,0
2,835,13345,16,0
2,836,13361,16,0
2,837,13377,16,0
2,838,13393,16,0
2,839,13409,16,0
2,840,13425,16,0
2,841,13441,16,0
2,842,13457,16,0
2,843,13473,16,0
2,844,13489,16,0
2,845,13505,16,0
2,846,13521,16,0
2,847,13537,16,0
2,848,13553,16,0
2,849,13569,16,0
2,850,13585,16,0
2,851,13601,16,0
2,852,13617,16,0
2,853,13633,16,0
2,854,13649,16,0
2,855,13665,16,0
2,856,13681,16,0
2,857,13697,16,0
2,858,13713,16,0
2,859,13729,16,0
2,860,13745,16,0
2,861,13761,16,0
2,862,13777,16,0
2,863,13793,16,0
2,864,13809,16,0
2,865,13825,16,0
2,866,13841,16,0
2,867,13857,16,0
2,868,13873,16,0
2,869,13889,16,0
2,870,13905,16,0
2,871,13921,16,0
2,872,13937,16,0
2,873,13953,16,0
2,874,13969,16,0
2,875,13985,16,0
2,876,14001,16,0
2,877,14017,16,0
2,878,14033,16,0
2,879,14049,16,0
2,880,14065,16,0
2,881,14081,16,0
2,882,14097,16,0
2,883,14113,16,0
2,884,14129,16,0
2,885,14145,16,0
2,886,14161,16,0
2,887,14177,16,0
2,888,14193,16,0
2,889,14209,16,0
2,890,14225,16,0
2,891,14241,16,0
2,892,14257,16,0
2,893,14273,16,0
2,894,14289,16,0
2,895,14305,16,0
2,896,14321,16,0
2,897,14337,16,0
2,898,14353,16,0
2,899,14369,16,0
2,900,14385,16,0
2,901,14401,16,0
2,902,14417,16,0
2,903,14433,16,0
2,904,14449,16,0
2,905,14465,16,0
2,906,14481,16,0
2,907,14497,16,0
2,908,14513,16,0
2,909,14529,16,0
2,910,14545,16,0
2,911,14561,16,0
2,912,14577,16,0
2,913,14593,16,0
2,914,14609,16,0
2,915,14625,16,0
2,916,14641,16,0
2,917,14657,16,0
2,918,14673,16,0
2,919,14689,16,0
2,920,14705,16,0
2,921,14721,16,0
2,922,14737,16,0
2,923,14753,16,0
2,924,14769,16,0
2,925,14785,16,0
2,926,14801,16,0
2,927,14817,16,0
2,928,14833,16,0
2,929,14849,16,0
2,930,14865,16,0
2,931,14881,16,0
2,932,14897,16,0
2,933,14913,16,0
2,934,14929,16,0
2,935,14945,16,0
2,936,14961,16,0
2,937,14977,16,0
2,938,14993,16,0
2,939,15009,16,0
2,940,15025,16,0
2,941,15041,16,0
2,942,15057,16,0
2,943,15073,16,0
2,944,15089,16,0
2,945,15105,16,0
2,946,15121,16,0
2,947,15137,16,0
2,948,15153,16,0
2,949,15169,16,0
2,950,15185,16,0
2,951,15201,16,0
2,952,15217,16,0
2,953,15233,16,0
2,954,15249,16,0
2,955,15265,16,0
2,956,15281,16,0
2,957,15297,16,0
2,958,15313,16,0
2,959,15329,16,0
2,960,15345,16,0
2,961,15361,16,0
2,962,15377,16,0
2,963,15393,16,0
2,964,15409,16,0
2,965,15425,16,0
2,966,15441,16,0
2,967,15457,16,0
2,968,15473,16,0
2,969,15489,16,0
2,970,15505,16,0
2,971,15521,16,0
2,972,15537,16,0
2,973,15553,16,0
2,974,15569,16,0
2,975,15585,16,0
2,976,15601,16,0
2,977,15617,16,0
2,978,15633,16,0
2,979,15649,16,0
2,980,15665,16,0
2,981,15681,16,0
2,982,15697,16,0
2,983,15713,16,0
2,984,15729,16,0
2,985,15745,16,0
2,986,15761,16,0
2,987,15777,16,0
2,988,15793,16,0
2,989,15809,16,0
2,990,15825,16,0
2,991,15841,16,0
2,992,15857,16,0
2,993,15873,16,0
2,994,15889,16,0
2,995,15905,16,0
2,996,15921,16,0
2,997,15937,16,0
2,998,15953,16,0
2,999,15969,16,0
2,1000,15985,16,0
2,1001,16001,16,0
2,1002,16017,16,0
2,1003,16033,16,0
2,1004,16049,16,0
2,1005,16065,16,0
2,1006,16081,16,0
2,1007,16097,16,0
2,1008,16113,16,0
2,1009,16129,16,0
2,1010,16145,16,0
2,1011,16161,16,0
2,1012,16177,16,0
2,1013,16193,16,0
2,1014,16209,16,0
2,1015,16225,16,0
2,1016,16241,16,0
2,1017,16257,16,0
2,1018,16273,16,0
2,1019,16289,16,0
2,1020,16305,16,0
2,1021,16321,16,0
2,1022,16337,16,0
2,1023,16353,16,0
2,1024,16369,16,0
2,1025,16385,16,0
2,1026,16401,16,0
2,1027,16417,16,0
2,1028,16433,16,0
2,1029,16449,16,0
2,1030,16465,16,0
2,1031,16481,16,0
2,1032,16497,16,0
2,1033,16513,16,0
2,1034,16529,16,0
2,1035,16545,16,0
2,1036,16561,16,0
2,1037,16577,16,0
2,1038,16593,16,0
2,1039,16609,16,0
2,1040,16625,16,0
2,1041,16641,16,0
2,1042,16657,16,0
2,1043,16673,16,0
2,1044,16689,16,0
2,1045,16705,16,0
2,1046,16721,16,0
2,1047,16737,16,0
2,1048,16753,16,0
2,1049,16769,16,0
2,1050,16785,16,0
2,1051,16801,16,0
2,1052,16817,16,0
2,1053,16833,16,0
2,1054,16849,16,0
2,1055,16865,16,0
2,1056,16881,16,0
2,1057,16897,16,0
2,1058,16913,16,0
2,1059,16929,16,0
2,1060,16945,16,0
2,1061,16961,16,0
2,1062,16977,16,0
2,1063,16993,16,0
2,1064,17009,16,0
2,1065,17025,16,0
2,1066,17041,16,0
2,1067,17057,16,0
2,1068,17073,16,0
2,1069,17089,16,0
2,1070,17105,16,0
2,1071,17121,16,0
2,1072,17137,16,0
2,1073,17153,16,0
2,1074,17169,16,0
2,1075,17185,16,0
2,1076,17201,16,0
2,1077,17217,16,0
2,1078,17233,16,0
2,1079,17249,16,0
2,1080,17265,16,0
2,1081,17281,16,0
2,1082,17297,16,0
2,1083,17313,16,0
2,1084,17329,16,0
2,1085,17345,16,0
2,1086,17361,16,0
2,1087,17377,16,0
2,1088,17393,16,0
2,1089,17409,16,0
2,1090,17425,16,0
2,1091,17441,16,0
2,1092,17457,16,0
2,1093,17473,16,0
2,1094,17489,16,0
2,1095,17505,16,0
2,1096,17521,16,0
2,1097,17537,16,0
2,1098,17553,16,0
2,1099,17569,16,0
2,1100,17585,16,0
2,1101,17601,16,0
2,1102,17617,16,0
2,1103,17633,16,0
2,1104,17649,16,0
2,1105,17665,16,0
2,1106,17681,16,0
2,1107,17697,16,0
2,1108,17713,16,0
2,1109,17729,16,0
2,1110,17745,16,0
2,1111,17761,16,0
2,1112,17777,16,0
2,1113,17793,16,0
2,1114,17809,16,0
2,1115,17825,16,0
2,1116,17841,16,0
2,1117,17857,16,0
2,1118,17873,16,0
2,1119,17889,16,0
2,1120,17905,16,0
2,1121,17921,16,0
2,1122,17937,16,0
2,1123,17953,16,0
2,1124,17969,16,0
2,1125,17985,16,0
2,1126,18001,16,0
2,1127,18017,16,0
2,1128,18033,16,0
2,1129,18049,16,0
2,1130,18065,16,0
2,1131,18081,16,0
2,1132,18097,16,0
2,1133,18113,16,0
2,1134,18129,16,0
2,1135,18145,16,0
2,1136,18161,16,0
2,1137,18177,16,0
2,1138,18193,16,0
2,1139,18209,16,0
2,1140,18225,16,0
2,1141,18241,16,0
2,1142,18257,16,0
2,1143,18273,16,0
2,1144,18289,16,0
2,1145,18305,16,0
2,1146,18321,16,0
2,1147,18337,16,0
2,1148,18353,16,0
2,1149,18369,16,0
2,1150,18385,16,0
2,1151,18401,16,0
2,1152,18417,16,0
2,1153,18433,16,0
2,1154,18449,16,0
2,1155,18465,16,0
2,1156,18481,16,0
2,1157,18497,16,0
2,1158,18513,16,0
2,1159,18529,16,0
2,1160,18545,16,0
2,1161,18561,16,0
2,1162,18577,16,0
2,1163,18593,16,0
2,1164,18609,16,0
2,1165,18625,16,0
2,1166,18641,16,0
2,1167,18657,16,0
2,1168,18673,16,0
2,1169,18689,16,0
2,1170,18705,16,0
2,1171,18721,16,0
2,1172,18737,16,0
2,1173,18753,16,0
2,1174,18769,16,0
2,1175,18785,16,0
2,1176,18801,16,0
2,1177,18817,16,0
2,1178,18833,16,0
2,1179,18849,16,0
2,1180,18865,16,0
2,1181,18881,16,0
2,1182,18897,16,0
2,1183,18913,16,0
2,1184,18929,16,0
2,1185,18945,16,0
2,1186,18961,16,0
2,1187,18977,16,0
2,1188,18993,16,0
2,1189,19009,16,0
2,1190,19025,16,0
2,1191,19041,16,0
2,1192,19057,16,0
2,1193,19073,16,0
2,1194,19089,16,0
2,1195,19105,16,0
2,1196,19121,16,0
2,1197,19137,16,0
2,1198,19153,16,0
2,1199,19169,16,0
2,1200,19185,16,0
2,1201,19201,16,0
2,1202,19217,16,0
2,1203,19233,16,0
2,1204,19249,16,0
2,1205,19265,16,0
2,1206,19281,16,0
2,1207,19297,16,0
2,1208,19313,16,0
2,1209,19329,16,0
2,1210,19345,16,0
2,1211,19361,16,0
2,1212,19377,16,0
2,1213,19393,16,0
2,1214,19409,16,0
2,1215,19425,16,0
2,1216,19441,16,0
2,1217,19457,16,0
2,1218,19473,16,0
2,1219,19489,16,0
2,1220,19505,16,0
2,1221,19521,16,0
2,1222,19537,16,0
2,1223,19553,16,0
2,1224,19569,16,0
2,1225,19585,16,0
2,1226,19601,16,0
2,1227,19617,16,0
2,1228,19633,16,0
2,1229,19649,16,0
2,1230,19665,16,0
2,1231,19681,16,0
2,1232,19697,16,0
2,1233,19713,16,0
2,1234,19729,16,0
2,1235,19745,16,0
2,1236,19761,16,0
2,1237,19777,16,0
2,1238,19793,16,0
2,1239,19809,16,0
2,1240,19825,16,0
2,1241,19841,16,0
2,1242,19857,16,0
2,1243,19873,16,0
2,1244,19889,16,0
2,1245,19905,16,0
2,1246,19921,16,0
2,1247,19937,16,0
2,1248,19953,16,0
2,1249,19969,16,0
2,1250,19985,16,0
2,1251,20001,16,0
2,1252,20017,16,0
2,1253,20033,16,0
2,1254,20049,16,0
2,1255,20065,16,0
2,1256,20081,16,0
2,1257,20097,16,0
2,1258,20113,16,0
2,1259,20129,16,0
2,1260,20145,16,0
2,1261,20161,16,0
2,1262,20177,16,0
2,1263,20193,16,0
2,1264,20209,16,0
2,1265,20225,16,0
2,1266,20241,16,0
2,1267,20257,16,0
2,1268,20273,16,0
2,1269,20289,16,0
2,1270,20305,16,0
2,1271,20321,16,0
2,1272,20337,16,0
2,1273,20353,16,0
2,1274,20369,16,0
2,1275,20385,16,0
2,1276,20401,16,0
2,1277,20417,16,0
2,1278,20433,16,0
2,1279,20449,16,0
2,1280,20465,16,0
2,1281,20481,16,0
2,1282,20497,16,0
2,1283,20513,16,0
2,1284,20529,16,0
2,1285,20545,16,0
2,1286,20561,16,0
2,1287,20577,16,0
2,1288,20593,16,0
2,1289,20609,16,0
2,1290,20625,16,0
2,1291,20641,16,0
2,1292,20657,16,0
2,1293,20673,16,0
2,1294,20689,16,0
2,1295,20705,16,0
2,1296,20721,16,0
2,1297,20737,16,0
2,1298,20753,16,0
2,1299,20769,16,0
2,1300,20785,16,0
2,1301,20801,16,0
2,1302,20817,16,0
2,1303,20833,16,0
2,1304,20849,16,0
2,1305,20865,16,0
2,1306,20881,16,0
2,1307,20897,16,0
2,1308,20913,16,0
2,1309,20929,16,0
2,1310,20945,16,0
2,1311,20961,16,0
2,1312,20977,16,0
2,1313,20993,16,0
2,1314,21009,16,0
2,1315,21025,16,0
2,1316,21041,16,0
2,1317,21057,16,0
2,1318,21073,16,0
2,1319,21089,16,0
2,1320,21105,16,0
2,1321,21121,16,0
2,1322,21137,16,0
2,1323,21153,16,0
2,1324,21169,16,0
2,1325,21185,16,0
2,1326,21201,16,0
2,1327,21217,16,0
2,1328,21233,16,0
2,1329,21249,16,0
2,1330,21265,16,0
2,1331,21281,16,0
2,1332,21297,16,0
2,1333,21313,16,0
2,1334,21329,16,0
2,1335,21345,16,0
2,1336,21361,16,0
2,1337,21377,16,0
2,1338,21393,16,0
2,1339,21409,16,0
2,1340,21425,16,0
2,1341,21441,16,0
2,1342,21457,16,0
2,1343,21473,16,0
2,1344,21489,16,0
2,1345,21505,16,0
2,1346,21521,16,0
2,1347,21537,16,0
2,1348,21553,16,0
2,1349,21569,16,0
2,1350,21585,16,0
2,1351,21601,16,0
2,1352,21617,16,0
2,1353,21633,16,0
2,1354,21649,16,0
2,1355,21665,16,0
2,1356,21681,16,0
2,1357,21697,16,0
2,1358,21713,16,0
2,1359,21729,16,0
2,1360,21745,16,0
2,1361,21761,16,0
2,1362,21777,16,0
2,1363,21793,16,0
2,1364,21809,16,0
2,1365,21825,16,0
2,1366,21841,16,0
2,1367,21857,16,0
2,1368,21873,16,0
2,1369,21889,16,0
2,1370,21905,16,0
2,1371,21921,16,0
2,1372,21937,16,0
2,1373,21953,16,0
2,1374,21969,16,0
2,1375,21985,16,0
2,1376,22001,16,0
2,1377,22017,16,0
2,1378,22033,16,0
2,1379,22049,16,0
2,1380,22065,16,0
2,1381,22081,16,0
2,1382,22097,16,0
2,1383,22113,16,0
2,1384,22129,16,0
2,1385,22145,16,0
2,1386,22161,16,0
2,1387,22177,16,0
2,1388,22193,16,0
2,1389,22209,16,0
2,1390,22225,16,0
2,1391,22241,16,0
2,1392,22257,16,0
2,1393,22273,16,0
2,1394,22289,16,0
2,1395,22305,16,0
2,1396,22321,16,0
2,1397,22337,16,0
2,1398,22353,16,0
2,1399,22369,16,0
2,1400,22385,16,0
2,1401,22401,16,0
2,1402,22417,16,0
2,1403,22433,16,0
2,1404,22449,16,0
2,1405,22465,16,0
2,1406,22481,16,0
2,1407,22497,16,0
2,1408,22513,16,0
2,1409,22529,16,0
2,1410,22545,16,0
2,1411,22561,16,0
2,1412,22577,16,0
2,1413,22593,16,0
2,1414,22609,16,0
2,1415,22625,16,0
2,1416,22641,16,0
2,1417,22657,16,0
2,1418,22673,16,0
2,1419,22689,16,0
2,1420,22705,16,0
2,1421,22721,16,0
2,1422,22737,16,0
2,1423,22753,16,0
2,1424,22769,16,0
2,1425,22785,16,0
2,1426,22801,16,0
2,1427,22817,16,0
2,1428,22833,16,0
2,1429,22849,16,0
2,1430,22865,16,0
2,1431,22881,16,0
2,1432,22897,16,0
2,1433,22913,16,0
2,1434,22929,16,0
2,1435,22945,16,0
2,1436,22961,16,0
2,1437,22977,16,0
2,1438,22993,16,0
2,1439,23009,16,0
2,1440,23025,16,0
2,1441,23041,16,0
2,1442,23057,16,0
2,1443,23073,16,0
2,1444,23089,16,0
2,1445,23105,16,0
2,1446,23121,16,0
2,1447,23137,16,0
2,1448,23153,16,0
2,1449,23169,16,0
2,1450,23185,16,0
2,1451,23201,16,0
2,1452,23217,16,0
2,1453,23233,16,0
2,1454,23249,16,0
2,1455,23265,16,0
2,1456,23281,16,0
2,1457,23297,16,0
2,1458,23313,16,0
2,1459,23329,16,0
2,1460,23345,16,0
2,1461,23361,16,0
2,1462,23377,16,0
2,1463,23393,16,0
2,1464,23409,16,0
2,1465,23425,16,0
2,1466,23441,16,0
2,1467,23457,16,0
2,1468,23473,16,0
2,1469,23489,16,0
2,1470,23505,16,0
2,1471,23521,16,0
2,1472,23537,16,0
2,1473,23553,16,0
2,1474,23569,16,0
2,1475,23585,16,0
2,1476,23601,16,0
2,1477,23617,16,0
2,1478,23633,16,0
2,1479,23649,16,0
2,1480,23665,16,0
2,1481,23681,16,0
2,1482,23697,16,0
2,1483,23713,16,0
2,1484,23729,16,0
2,1485,23745,16,0
2,1486,23761,16,0
2,1487,23777,16,0
2,1488,23793,16,0
2,1489,23809,16,0
2,1490,23825,16,0
2,1491,23841,16,0
2,1492,23857,16,0
2,1493,23873,16,0
2,1494,23889,16,0
2,1495,23905,16,0
2,1496,23921,16,0
2,1497,23937,16,0
2,1498,23953,16,0
2,1499,23969,16,0
2,1500,23985,16,0
2,1501,24001,16,0
2,1502,24017,16,0
2,1503,24033,16,0
2,1504,24049,16,0
2,1505,24065,16,0
2,1506,24081,16,0
2,1507,24097,16,0
2,1508,24113,16,0
2,1509,24129,16,0
2,1510,24145,16,0
2,1511,24161,16,0
2,1512,24177,16,0
2,1513,24193,16,0
2,1514,24209,16,0
2,1515,24225,16,0
2,1516,24241,16,0
2,1517,24257,16,0
2,1518,24273,16,0
2,1519,24289,16,0
2,1520,24305,16,0
2,1521,24321,16,0
2,1522,24337,16,0
2,1523,24353,16,0
2,1524,24369,16,0
2,1525,24385,16,0
2,1526,24401,16,0
2,1527,24417,16,0
2,1528,24433,16,0
2,1529,24449,16,0
2,1530,24465,16,0
2,1531,24481,16,0
2,1532,24497,16,0
2,1533,24513,16,0
2,1534,24529,16,0
2,1535,24545,16,0
2,1536,24561,16,0
2,1537,24577,16,0
2,1538,24593,16,0
2,1539,24609,16,0
2,1540,24625,16,0
2,1541,24641,16,0
2,1542,24657,16,0
2,1543,24673,16,0
2,1544,24689,16,0
2,1545,24705,16,0
2,1546,24721,16,0
2,1547,24737,16,0
2,1548,24753,16,0
2,1549,24769,16,0
2,1550,24785,16,0
2,1551,24801,16,0
2,1552,24817,16,0
2,1553,24833,16,0
2,1554,24849,16,0
2,1555,24865,16,0
2,1556,24881,16,0
2,1557,24897,16,0
2,1558,24913,16,0
2,1559,24929,16,0
2,1560,24945,16,0
2,1561,24961,16,0
2,1562,24977,16,0
2,1563,24993,16,0
2,1564,25009,16,0
2,1565,25025,16,0
2,1566,25041,16,0
2,1567,25057,16,0
2,1568,25073,16,0
2,1569,25089,16,0
2,1570,25120,31,0
2,1571,25136,16,0
2,1572,25155,19,0
2,1573,25198,43,0
2,1574,25223,25,0
2,1575,25263,40,0
2,1576,25279,16,0
2,1577,25295,16,0
2,1578,25311,16,0
2,1579,25329,18,0
2,1580,25348,19,0
2,1581,25364,16,0
2,1582,25380,16,0
2,1583,25396,16,0
2,1584,25412,16,0
2,1585,25428,16,0
2,1586,25444,16,0
2,1587,25460,16,0
2,1588,25477,17,0
2,1589,25496,19,0
2,1590,25512,16,0
2,1591,25534,22,0
2,1592,25552,18,0
2,1593,25568,16,0
2,1594,25584,16,0
2,1595,25602,18,0
2,1596,25619,17,0
2,1597,25639,20,0
2,1598,25657,18,0
2,1599,25675,18,0
2,1600,25691,16,0
2,1601,25709,18,0
2,1602,25731,22,0
2,1603,25749,18,0
2,1604,25775,26,0
2,1605,25820,45,0
2,1606,25856,36,0
2,1607,25872,16,0
2,1608,25888,16,0
2,1609,25904,16,0
2,1610,25920,16,0
2,1611,25957,37,0
2,1612,26560,603,0
2,1613,26576,16,0
2,1614,26592,16,0
2,1615,26621,29,0
2,1616,26671,50,0
2,1617,26718,47,0
2,1618,26749,31,0
2,1619,26789,40,0
2,1620,26828,39,0
2,1621,26859,31,0
2,1622,26891,32,0
2,1623,26922,31,0
2,1624,26944,22,0
2,1625,26970,26,0
2,1626,26986,16,0
2,1627,27012,26,0
2,1628,27035,23,0
2,1629,27065,30,0
2,1630,27095,30,0
2,1631,27126,31,0
2,1632,27155,29,0
2,1633,27183,28,0
2,1634,27211,28,0
2,1635,27239,28,0
2,1636,27266,27,0
2,1637,27293,27,0
2,1638,27312,19,0
2,1639,27338,26,0
2,1640,27356,18,0
2,1641,27382,26,0
2,1642,27404,22,0
2,1643,27427,23,0
2,1644,27448,21,0
2,1645,27466,18,0
2,1646,27483,17,0
2,1647,27506,23,0
2,1648,27527,21,0
2,1649,27550,23,0
2,1650,27571,21,0
2,1651,27593,22,0
2,1652,27614,21,0
2,1653,27635,21,0
2,1654,27657,22,0
2,1655,27678,21,0
2,1656,27698,20,0
2,1657,27719,21,0
2,1658,27740,21,0
2,1659,27759,19,0
2,1660,27778,19,0
2,1661,27794,16,0
2,1662,27811,17,0
2,1663,27829,18,0
2,1664,27846,17,0
2,1665,27865,19,0
2,1666,27884,19,0
2,1667,27901,17,0
2,1668,27921,20,0
2,1669,27940,19,0
2,1670,27959,19,0
2,1671,27978,19,0
2,1672,27998,20,0
2,1673,28017,19,0
2,1674,28038,21,0
2,1675,28054,16,0
2,1676,28074,20,0
2,1677,28090,16,0
2,1678,28110,20,0
2,1679,28130,20,0
2,1680,28147,17,0
2,1681,28166,19,0
2,1682,28183,17,0
2,1683,28200,17,0
2,1684,28217,17,0
2,1685,28233,16,0
2,1686,28251,18,0
2,1687,28269,18,0
2,1688,28287,18,0
2,1689,28306,19,0
2,1690,28322,16,0
2,1691,28340,18,0
2,1692,28357,17,0
2,1693,28373,16,0
2,1694,28390,17,0
2,1695,28408,18,1
2,1696,28422,14,2
2,1697,28438,16,2
2,1698,28455,17,2
2,1699,28472,17,3
2,1700,28488,16,3
2,1701,28505,17,4
2,1702,28520,15,4
2,1703,28536,16,4
2,1704,28552,16,5
2,1705,28583,31,6
2,1706,28599,16,7
2,1707,28614,15,8
2,1708,28629,15,8
2,1709,28644,15,8
2,1710,28659,15,8
2,1711,28673,14,8
2,1712,28688,15,9
2,1713,28703,15,10
2,1714,28718,15,11
2,1715,28732,14,12
2,1716,28746,14,12
2,1717,28761,15,13
2,1718,28775,14,13
2,1719,28804,29,14
2,1720,28832,28,16
2,1721,28846,14,16
2,1722,28860,14,16
2,1723,28874,14,16
2,1724,28887,13,16
2,1725,28901,14,17
2,1726,28916,15,17
2,1727,28930,14,17
2,1728,28944,14,17
2,1729,28959,15,17
2,1730,28973,14,17
2,1731,28987,14,17
2,1732,29001,14,17
2,1733,29016,15,17
2,1734,29030,14,17
2,1735,29044,14,17
2,1736,29059,15,17
2,1737,29073,14,17
2,1738,29087,14,17
2,1739,29102,15,17
2,1740,29116,14,17
2,1741,29130,14,17
2,1742,29144,14,17
2,1743,29159,15,17
2,1744,29173,14,17
2,1745,29187,14,18
2,1746,29201,14,18
2,1747,29214,13,19
2,1748,29228,14,19
2,1749,29241,13,20
2,1750,29254,13,21
2,1751,29268,14,21
2,1752,29281,13,21
2,1753,29308,27,22
2,1754,29321,13,22
2,1755,29348,27,24
2,1756,29361,13,24
2,1757,29374,13,24
2,1758,29400,26,25
2,1759,29413,13,25
2,1760,29426,13,25
2,1761,29439,13,26
2,1762,29452,13,27
2,1763,29464,12,28
2,1764,29477,13,29
2,1765,29489,12,29
2,1766,29501,12,30
2,1767,29513,12,31
2,1768,29538,25,33
2,1769,29563,25,34
2,1770,29575,12,34
2,1771,29600,25,34
2,1772,29612,12,34
2,1773,29624,12,34
2,1774,29636,12,34
2,1775,29648,12,34
2,1776,29660,12,34
2,1777,29671,11,35
2,1778,29683,12,35
2,1779,29695,12,35
2,1780,29706,11,35
2,1781,29729,23,37
2,1782,29741,12,38
2,1783,29787,46,40
2,1784,29810,23,40
2,1785,29821,11,41
2,1786,29831,10,42
2,1787,29842,11,42
2,1788,29853,11,42
2,1789,29864,11,42
2,1790,29875,11,43
2,1791,29898,23,43
2,1792,29909,11,44
2,1793,29920,11,44
2,1794,29932,12,45
2,1795,29943,11,45
2,1796,29955,12,45
2,1797,29966,11,46
2,1798,29978,12,46
2,1799,29989,11,46
2,1800,30001,12,46
2,1801,30012,11,46
2,1802,30024,12,46
2,1803,30035,11,46
2,1804,30046,11,46
2,1805,30058,12,47
2,1806,30069,11,47
2,1807,30081,12,47
2,1808,30092,11,47
2,1809,30103,11,47
2,1810,30115,12,47
2,1811,30126,11,48
2,1812,30137,11,48
2,1813,30149,12,49
2,1814,30172,23,49
2,1815,30183,11,50
2,1816,30194,11,50
2,1817,30206,12,51
2,1818,30217,11,52
2,1819,30240,23,52
2,1820,30275,35,53
2,1821,30286,11,53
2,1822,30298,12,53
2,1823,30309,11,53
2,1824,30320,11,53
2,1825,30342,22,54
2,1826,30352,10,54
2,1827,30363,11,54
2,1828,30385,22,56
2,1829,30406,21,57
2,1830,30438,32,58
2,1831,30448,10,58
2,1832,30469,21,58
2,1833,30480,11,59
2,1834,30511,31,60
2,1835,30521,10,61
2,1836,30531,10,61
2,1837,30541,10,62
2,1838,30551,10,62
2,1839,30561,10,63
2,1840,30571,10,64
2,1841,30581,10,64
2,1842,30591,10,65
2,1843,30601,10,65
2,1844,30652,51,67
2,1845,30662,10,67
2,1846,30682,20,67
2,1847,30722,40,68
2,1848,30731,9,68
2,1849,30741,10,68
2,1850,30760,19,70
2,1851,30770,10,70
2,1852,30779,9,71
2,1853,30798,19,73
2,1854,30827,29,76
2,1855,30836,9,76
2,1856,30845,9,76
2,1857,30874,29,79
2,1858,30893,19,81
2,1859,30902,9,82
2,1860,30911,9,82
2,1861,30921,10,83
2,1862,30930,9,83
2,1863,30949,19,84
2,1864,30958,9,85
2,1865,30967,9,86
2,1866,30985,18,88
2,1867,31004,19,90
2,1868,31013,9,91
2,1869,31022,9,92
2,1870,31031,9,93
2,1871,31039,8,94
2,1872,31058,19,94
2,1873,31067,9,95
2,1874,31085,18,96
2,1875,31095,10,96
2,1876,31104,9,97
2,1877,31132,28,98
2,1878,31170,38,99
2,1879,31179,9,99
2,1880,31189,10,99
2,1881,31198,9,100
2,1882,31217,19,101
2,1883,31226,9,102
2,1884,31273,47,105
2,1885,31282,9,106
2,1886,31291,9,106
2,1887,31300,9,106
2,1888,31310,10,106
2,1889,31319,9,107
2,1890,31355,36,110
2,1891,31363,8,111
2,1892,31372,9,112
2,1893,31381,9,112
2,1894,31409,28,114
2,1895,31426,17,115
2,1896,31453,27,117
2,1897,31462,9,118
2,1898,31471,9,118
2,1899,31480,9,119
2,1900,31489,9,120
2,1901,31498,9,121
2,1902,31524,26,121
2,1903,31559,35,124
2,1904,31585,26,124
2,1905,31620,35,125
2,1906,31628,8,126
2,1907,31713,85,129
2,1908,31721,8,129
2,1909,31738,17,129
2,1910,31746,8,129
2,1911,31763,17,130
2,1912,31779,16,130
2,1913,31787,8,130
2,1914,31837,50,132
2,1915,31861,24,135
2,1916,31952,91,138
2,1917,31969,17,140
2,1918,31977,8,140
2,1919,31984,7,140
2,1920,32000,16,141
2,1921,32032,32,143
2,1922,32039,7,144
2,1923,32063,24,146
2,1924,32102,39,149
2,1925,32125,23,152
2,1926,32132,7,152
2,1927,32140,8,153
2,1928,32147,7,154
2,1929,32162,15,154
2,1930,32169,7,154
2,1931,32177,8,155
2,1932,32192,15,157
2,1933,32206,14,158
2,1934,32214,8,158
2,1935,32229,15,158
2,1936,32236,7,159
2,1937,32266,30,160
2,1938,32273,7,161
2,1939,32326,53,164
2,1940,32364,38,166
2,1941,32386,22,168
2,1942,32408,22,169
2,1943,32415,7,170
2,1944,32422,7,170
2,1945,32445,23,171
2,1946,32452,7,172
2,1947,32459,7,172
2,1948,32482,23,173
2,1949,32511,29,177
2,1950,32533,22,179
2,1951,32569,36,183
2,1952,32583,14,185
2,1953,32604,21,187
2,1954,32648,44,190
2,1955,32669,21,192
2,1956,32698,29,192
2,1957,32705,7,193
2,1958,32712,7,194
2,1959,32748,36,196
2,1960,32762,14,198
2,1961,32783,21,201
2,1962,32789,6,202
2,1963,32803,14,202
2,1964,32817,14,204
2,1965,32851,34,206
2,1966,32878,27,209
2,1967,32884,6,210
2,1968,32891,7,211
2,1969,32932,41,215
2,1970,32968,36,216
2,1971,32975,7,217
2,1972,33024,49,224
2,1973,33038,14,225
2,1974,33052,14,226
2,1975,33059,7,227
2,1976,33094,35,232
2,1977,33129,35,233
2,1978,33143,14,233
2,1979,33157,14,233
2,1980,33171,14,233
2,1981,33185,14,233
2,1982,33199,14,233
2,1983,33206,7,233
2,1984,33220,14,233
2,1985,33247,27,233
2,1986,33309,62,237
2,1987,33323,14,238
2,1988,33330,7,239
2,1989,33349,19,239
2,1990,33383,34,240
2,1991,33397,14,240
2,1992,33411,14,240
2,1993,33418,7,240
2,1994,33432,14,240
2,1995,33446,14,240
2,1996,33460,14,240
2,1997,33474,14,240
2,1998,33481,7,240
2,1999,33516,35,245
2,2000,33594,78,251
2,2001,33608,14,253
2,2002,33650,42,255
2,2003,33707,57,257
2,2004,33757,50,258
2,2005,33771,14,260
2,2006,33820,49,266
2,2007,33848,28,268
2,2008,33855,7,268
2,2009,33890,35,273
2,2010,34096,206,291
2,2011,34131,35,292
2,2012,34145,14,292
2,2013,34159,14,292
2,2014,34173,14,292
2,2015,34187,14,292
2,2016,34201,14,292
2,2017,34215,14,292
2,2018,34229,14,292
2,2019,34258,29,293
2,2020,34272,14,295
2,2021,34314,42,300
2,2022,34349,35,301
2,2023,34363,14,301
2,2024,34377,14,301
2,2025,34406,29,302
2,2026,34420,14,304
2,2027,34462,42,309
2,2028,34504,42,310
2,2029,34518,14,310
2,2030,34525,7,310
2,2031,34539,14,310
2,2032,34560,21,311
2,2033,34567,7,312
2,2034,34616,49,319
2,2035,34622,6,319
2,2036,34636,14,319
2,2037,34643,7,319
2,2038,34678,35,324
2,2039,34692,14,325
2,2040,34704,12,325
2,2041,34717,13,325
2,2042,34731,14,325
2,2043,34752,21,325
2,2044,34766,14,325
2,2045,34786,20,325
2,2046,34800,14,325
2,2047,34855,55,327
2,2048,34874,19,327
2,2049,34886,12,327
2,2050,34900,14,327
2,2051,34921,21,327
2,2052,34949,28,328
2,2053,34970,21,328
2,2054,34984,14,328
2,2055,34996,12,328
2,2056,35017,21,328
2,2057,35031,14,328
2,2058,35052,21,329
2,2059,35066,14,329
2,2060,35086,20,329
2,2061,35093,7,329
2,2062,35098,5,329
2,2063,35118,20,330
2,2064,35148,30,332
2,2065,35153,5,332
2,2066,35219,66,334
2,2067,35231,12,334
2,2068,35245,14,334
2,2069,35259,14,334
2,2070,35273,14,334
2,2071,35287,14,334
2,2072,35301,14,334
2,2073,35336,35,334
2,2074,35350,14,334
2,2075,35364,14,334
2,2076,35371,7,334
2,2077,35392,21,334
2,2078,35399,7,334
2,2079,35413,14,334
2,2080,35427,14,334
2,2081,35482,55,335
2,2082,35496,14,335
2,2083,35544,48,335
2,2084,35558,14,335
2,2085,35572,14,335
2,2086,35586,14,335
2,2087,35600,14,335
2,2088,35614,14,335
2,2089,35628,14,335
2,2090,35642,14,335
2,2091,35656,14,335
2,2092,35713,57,339
2,2093,35727,14,341
2,2094,35741,14,342
2,2095,35819,78,347
2,2096,35961,142,358
