bar,flips,dflips,pass,mismatch,starved
1,1,0,1,0,0
2,17,16,2,0,0
3,33,16,3,0,0
4,49,16,4,0,0
5,65,16,5,0,0
6,81,16,6,0,0
7,97,16,7,0,0
8,113,16,8,0,0
9,129,16,9,0,0
10,161,32,10,0,0
11,205,44,11,0,0
12,254,49,12,0,0
13,296,42,13,0,0
14,332,36,14,0,0
15,363,31,15,0,0
16,398,35,16,0,0
17,441,43,17,0,0
18,478,37,18,0,0
19,516,38,19,0,0
20,555,39,20,0,0
21,580,25,21,0,0
22,604,24,22,0,0
23,621,17,23,0,0
24,657,36,24,0,0
25,707,50,25,0,0
26,753,46,26,0,0
27,809,56,27,0,0
28,877,68,28,0,0
29,948,71,29,0,0
30,1046,98,30,0,0
31,1179,133,31,0,0
32,1353,174,32,0,0
33,1532,179,33,0,0
34,1625,93,34,0,0
35,1688,63,35,0,0
36,1745,57,36,0,0
37,1794,49,37,0,0
38,1848,54,38,0,0
39,1890,42,39,0,0
40,1934,44,40,0,0
41,1965,31,41,0,0
42,1996,31,42,0,0
43,2036,40,43,0,0
44,2068,32,44,0,0
45,2103,35,45,0,0
46,2139,36,46,0,0
47,2170,31,47,0,0
48,2198,28,48,0,0
49,2220,22,49,0,0
50,2250,30,50,0,0
51,2277,27,51,0,0
52,2303,26,52,0,0
53,2332,29,53,0,0
54,2352,20,54,0,0
55,2380,28,55,0,0
56,2409,29,56,0,0
57,2433,24,57,0,0
58,2456,23,58,0,0
59,2491,35,59,0,0
60,2526,35,60,0,0
61,2561,35,61,0,0
62,2592,31,62,0,0
63,2621,29,63,0,0
64,2652,31,64,0,0
65,2671,19,65,0,0
66,2689,18,66,0,0
67,2715,26,67,0,0
68,2742,27,68,0,0
69,2767,25,69,0,0
70,2791,24,70,0,0
71,2823,32,71,0,0
72,2849,26,72,0,0
73,2869,20,73,0,0
74,2890,21,74,0,0
75,2913,23,75,0,0
76,2933,20,76,0,0
77,2953,20,77,0,0
78,2974,21,78,0,0
79,2996,22,79,0,0
80,3020,24,80,0,0
81,3042,22,81,0,0
82,3065,23,82,0,0
83,3088,23,83,0,0
84,3108,20,84,0,0
85,3127,19,85,0,0
86,3149,22,86,0,0
87,3171,22,87,0,0
88,3192,21,88,0,0
89,3215,23,89,0,0
90,3236,21,90,0,0
91,3255,19,91,0,0
92,3275,20,92,0,0
93,3296,21,93,0,0
94,3316,20,94,0,0
95,3335,19,95,0,0
96,3355,20,96,0,0
97,3374,19,97,0,0
98,3390,16,98,0,0
99,3409,19,99,0,0
100,3429,20,100,0,0
101,3450,21,101,0,0
102,3469,19,102,0,0
103,3486,17,103,0,0
104,3503,17,104,0,0
105,3521,18,105,0,0
106,3539,18,106,0,0
107,3559,20,107,0,0
108,3575,16,108,0,0
109,3593,18,109,0,0
110,3612,19,110,0,0
111,3631,19,111,0,0
112,3649,18,111,0,0
113,3667,18,113,0,0
114,3685,18,114,0,0
115,3703,18,115,0,0
116,3722,19,116,0,0
117,3739,17,117,0,0
118,3757,18,118,0,0
119,3774,17,119,0,0
120,3790,16,120,0,0
121,3806,16,121,0,0
122,3822,16,122,0,0
123,3838,16,122,0,0
124,3854,16,123,0,1
125,3872,18,123,0,1
126,3889,17,124,0,2
127,3905,16,125,0,2
128,3922,17,126,0,2
129,3938,16,126,0,2
130,3954,16,127,0,3
131,3970,16,127,0,3
132,3987,17,128,0,3
133,4003,16,128,0,4
134,4019,16,128,0,5
135,4035,16,128,0,6
136,4050,15,129,0,6
137,4065,15,130,0,6
138,4081,16,130,0,7
139,4096,15,130,0,8
140,4109,13,132,0,8
141,4125,16,133,0,8
142,4155,30,134,0,8
143,4170,15,134,0,9
144,4184,14,134,0,10
145,4199,15,134,0,11
146,4213,14,134,0,12
147,4227,14,136,0,12
148,4242,15,137,0,12
149,4257,15,137,0,12
150,4272,15,138,0,12
151,4286,14,138,0,13
152,4300,14,139,0,13
153,4314,14,140,0,14
154,4328,14,140,0,14
155,4342,14,140,0,15
156,4354,12,141,0,15
157,4368,14,141,0,16
158,4382,14,142,0,17
159,4396,14,142,0,17
160,4409,13,143,0,17
161,4423,14,143,0,18
162,4437,14,144,0,19
163,4452,15,145,0,19
164,4465,13,145,0,19
165,4479,14,145,0,19
166,4493,14,146,0,19
167,4508,15,147,0,20
168,4522,14,148,0,20
169,4536,14,149,0,20
170,4549,13,149,0,20
171,4563,14,150,0,20
172,4577,14,151,0,21
173,4592,15,152,0,21
174,4606,14,152,0,21
175,4620,14,152,0,22
176,4633,13,152,0,23
177,4647,14,152,0,23
178,4661,14,153,0,23
179,4675,14,153,0,24
180,4689,14,155,0,24
181,4704,15,155,0,24
182,4718,14,155,0,25
183,4732,14,156,0,25
184,4746,14,156,0,26
185,4760,14,157,0,26
186,4774,14,159,0,26
187,4789,15,160,0,26
188,4803,14,161,0,26
189,4817,14,161,0,26
190,4831,14,162,0,26
191,4845,14,164,0,26
192,4860,15,165,0,26
193,4874,14,165,0,26
194,4888,14,165,0,27
195,4902,14,166,0,27
196,4916,14,167,0,27
197,4930,14,167,0,28
198,4957,27,168,0,29
199,4971,14,168,0,30
200,4984,13,169,0,30
201,4998,14,169,0,31
202,5011,13,169,0,32
203,5024,13,169,0,33
204,5038,14,170,0,33
205,5051,13,171,0,33
206,5065,14,172,0,34
207,5078,13,172,0,34
208,5091,13,172,0,34
209,5104,13,172,0,35
210,5118,14,173,0,36
211,5144,26,174,0,36
212,5157,13,175,0,36
213,5170,13,175,0,37
214,5182,12,175,0,38
215,5207,25,176,0,39
216,5220,13,176,0,40
217,5245,25,176,0,41
218,5257,12,176,0,42
219,5269,12,177,0,42
220,5281,12,177,0,42
221,5293,12,177,0,43
222,5306,13,179,0,43
223,5318,12,179,0,43
224,5330,12,179,0,43
225,5342,12,179,0,43
226,5354,12,179,0,43
227,5366,12,179,0,44
228,5390,24,180,0,45
229,5402,12,180,0,45
230,5414,12,180,0,46
231,5438,24,181,0,47
232,5449,11,181,0,48
233,5461,12,181,0,49
234,5497,36,182,0,50
235,5509,12,183,0,50
236,5521,12,184,0,51
237,5533,12,184,0,51
238,5545,12,185,0,51
239,5556,11,185,0,52
240,5568,12,186,0,52
241,5580,12,187,0,52
242,5592,12,187,0,53
243,5604,12,187,0,54
244,5616,12,187,0,55
245,5628,12,188,0,55
246,5640,12,190,0,55
247,5652,12,190,0,55
248,5664,12,192,0,55
249,5675,11,192,0,55
250,5687,12,192,0,56
251,5698,11,192,0,57
252,5710,12,192,0,58
253,5721,11,192,0,59
254,5732,11,192,0,59
255,5743,11,192,0,60
256,5754,11,192,0,61
257,5766,12,192,0,62
258,5777,11,192,0,63
259,5788,11,192,0,64
260,5811,23,193,0,65
261,5822,11,194,0,65
262,5833,11,194,0,66
263,5844,11,194,0,67
264,5856,12,195,0,67
265,5867,11,195,0,68
266,5878,11,195,0,69
267,5889,11,195,0,69
268,5900,11,195,0,70
269,5911,11,195,0,71
270,5922,11,195,0,72
271,5933,11,195,0,73
272,5956,23,197,0,73
273,5967,11,198,0,74
274,5978,11,198,0,74
275,5989,11,199,0,74
276,6000,11,200,0,74
277,6023,23,202,0,74
278,6034,11,202,0,75
279,6045,11,203,0,75
280,6056,11,203,0,75
281,6067,11,203,0,76
282,6089,22,204,0,77
283,6100,11,204,0,78
284,6122,22,204,0,80
285,6144,22,204,0,82
286,6155,11,204,0,83
287,6176,21,205,0,84
288,6187,11,205,0,84
289,6197,10,205,0,85
290,6208,11,205,0,86
291,6219,11,206,0,86
292,6230,11,206,0,87
293,6240,10,208,0,87
294,6251,11,208,0,87
295,6262,11,209,0,87
296,6272,10,209,0,88
297,6283,11,209,0,89
298,6294,11,209,0,90
299,6304,10,211,0,90
300,6326,22,212,0,90
301,6336,10,212,0,91
302,6357,21,212,0,93
303,6368,11,212,0,94
304,6378,10,212,0,95
305,6388,10,213,0,95
306,6409,21,214,0,95
307,6419,10,214,0,96
308,6440,21,215,0,97
309,6461,21,215,0,97
310,6481,20,215,0,99
311,6491,10,215,0,100
312,6501,10,216,0,100
313,6511,10,216,0,100
314,6521,10,216,0,101
315,6531,10,216,0,102
316,6551,20,216,0,104
317,6572,21,217,0,105
318,6582,10,217,0,105
319,6592,10,217,0,105
320,6622,30,218,0,106
321,6631,9,218,0,106
322,6651,20,218,0,108
323,6661,10,218,0,109
324,6671,10,219,0,110
325,6680,9,219,0,110
326,6690,10,219,0,111
327,6700,10,220,0,112
328,6720,20,220,0,113
329,6729,9,220,0,113
330,6749,20,220,0,115
331,6759,10,220,0,116
332,6788,29,220,0,119
333,6807,19,220,0,120
334,6826,19,221,0,120
335,6836,10,221,0,121
336,6856,20,222,0,121
337,6865,9,222,0,121
338,6875,10,222,0,121
339,6884,9,222,0,122
340,6894,10,222,0,123
341,6923,29,224,0,124
342,6933,10,224,0,125
343,6942,9,224,0,126
344,6952,10,225,0,126
345,6961,9,225,0,127
346,6980,19,225,0,128
347,7029,49,227,0,129
348,7039,10,227,0,129
349,7048,9,228,0,129
350,7058,10,229,0,129
351,7068,10,229,0,129
352,7097,29,229,0,131
353,7107,10,230,0,131
354,7136,29,231,0,132
355,7145,9,231,0,133
356,7164,19,232,0,134
357,7173,9,232,0,135
358,7202,29,232,0,138
359,7211,9,233,0,138
360,7230,19,233,0,138
361,7240,10,233,0,138
362,7259,19,233,0,140
363,7268,9,234,0,140
364,7277,9,234,0,140
365,7286,9,234,0,141
366,7295,9,234,0,141
367,7305,10,236,0,141
368,7324,19,236,0,142
369,7343,19,238,0,142
370,7352,9,239,0,142
371,7361,9,239,0,142
372,7390,29,242,0,142
373,7399,9,242,0,143
374,7437,38,245,0,145
375,7446,9,245,0,145
376,7465,19,246,0,145
377,7484,19,247,0,146
378,7494,10,247,0,146
379,7503,9,247,0,147
380,7512,9,248,0,147
381,7531,19,249,0,147
382,7589,58,253,0,147
383,7618,29,254,0,147
384,7628,10,255,0,147
385,7637,9,256,0,148
386,7666,29,257,0,148
387,7685,19,259,0,149
388,7694,9,259,0,149
389,7703,9,259,0,150
390,7722,19,261,0,150
391,7732,10,261,0,150
392,7741,9,261,0,151
393,7750,9,262,0,151
394,7760,10,262,0,151
395,7769,9,262,0,152
396,7778,9,263,0,152
397,7788,10,263,0,152
398,7797,9,263,0,153
399,7806,9,264,0,153
400,7835,29,265,0,154
401,7854,19,267,0,155
402,7863,9,267,0,155
403,7892,29,269,0,156
404,7901,9,270,0,156
405,7911,10,270,0,156
406,7929,18,271,0,158
407,7938,9,271,0,158
408,7947,9,272,0,158
409,7976,29,274,0,158
410,7994,18,274,0,159
411,8003,9,274,0,160
412,8031,28,274,0,163
413,8040,9,274,0,164
414,8049,9,274,0,165
415,8058,9,275,0,165
416,8067,9,275,0,166
417,8076,9,275,0,167
418,8121,45,275,0,172
419,8129,8,275,0,173
420,8147,18,276,0,173
421,8165,18,276,0,174
422,8199,34,277,0,176
423,8217,18,277,0,178
424,8225,8,277,0,179
425,8242,17,277,0,181
426,8250,8,277,0,182
427,8319,69,278,0,186
428,8327,8,278,0,186
429,8335,8,278,0,187
430,8361,26,279,0,187
431,8378,17,279,0,188
432,8386,8,279,0,189
433,8402,16,280,0,189
434,8444,42,281,0,190
435,8451,7,281,0,190
436,8484,33,281,0,193
437,8492,8,281,0,194
438,8500,8,281,0,194
439,8524,24,281,0,197
440,8556,32,281,0,201
441,8588,32,281,0,204
442,8596,8,281,0,205
443,8611,15,281,0,206
444,8635,24,281,0,209
445,8658,23,281,0,211
446,8729,71,282,0,215
447,8759,30,282,0,219
448,8775,16,283,0,220
449,8782,7,284,0,220
450,8797,15,285,0,220
451,8828,31,286,0,220
452,8836,8,286,0,220
453,8843,7,286,0,221
454,8850,7,287,0,221
455,8865,15,287,0,221
456,8918,53,288,0,225
457,8925,7,288,0,225
458,8932,7,288,0,226
459,8939,7,288,0,227
460,8961,22,288,0,230
461,8991,30,288,0,232
462,8997,6,288,0,233
463,9004,7,288,0,233
464,9026,22,288,0,235
465,9070,44,289,0,237
466,9077,7,289,0,238
467,9098,21,290,0,239
468,9105,7,290,0,239
469,9119,14,290,0,240
470,9140,21,291,0,241
471,9162,22,292,0,241
472,9228,66,294,0,245
473,9242,14,294,0,246
474,9249,7,294,0,246
475,9270,21,295,0,247
476,9277,7,295,0,248
477,9298,21,295,0,250
478,9312,14,295,0,250
479,9319,7,296,0,250
480,9326,7,296,0,250
481,9340,14,296,0,250
482,9354,14,296,0,250
483,9375,21,297,0,251
484,9410,35,298,0,252
485,9417,7,298,0,252
486,9437,20,299,0,254
487,9472,35,299,0,257
488,9499,27,299,0,259
489,9640,141,305,0,270
490,9654,14,305,0,270
491,9675,21,306,0,271
492,9682,7,306,0,272
493,9688,6,306,0,273
494,9707,19,307,0,274
495,9743,36,309,0,275
496,9776,33,311,0,277
497,9814,38,313,0,279
498,9855,41,314,0,281
499,9869,14,315,0,281
500,9883,14,316,0,282
501,9916,33,318,0,282
502,9930,14,319,0,283
503,9944,14,319,0,284
504,9986,42,322,0,286
505,10007,21,323,0,286
506,10021,14,324,0,286
507,10099,78,327,0,291
508,10127,28,328,0,294
509,10155,28,328,0,298
510,10176,21,329,0,300
511,10260,84,331,0,308
512,10352,92,334,0,310
513,10366,14,335,0,310
514,10380,14,336,0,310
515,10394,14,336,0,310
516,10401,7,336,0,310
517,10436,35,338,0,312
518,10450,14,339,0,312
519,10464,14,340,0,312
520,10478,14,340,0,312
521,10521,43,344,0,313
522,10599,78,346,0,319
523,10634,35,348,0,321
524,10641,7,348,0,322
525,10676,35,348,0,327
526,10711,35,351,0,328
527,10775,64,355,0,331
528,10789,14,355,0,331
529,10803,14,356,0,332
530,10817,14,356,0,332
531,10838,21,357,0,333
532,10881,43,359,0,335
533,10916,35,361,0,337
534,10937,21,362,0,337
535,10951,14,363,0,338
536,10965,14,364,0,338
537,10979,14,364,0,338
538,11029,50,368,0,340
539,11064,35,370,0,342
540,11092,28,372,0,342
541,11106,14,373,0,343
542,11120,14,373,0,343
543,11127,7,375,0,343
544,11134,7,375,0,343
545,11169,35,376,0,347
546,11211,42,379,0,349
547,11232,21,380,0,350
548,11246,14,381,0,350
549,11260,14,381,0,350
550,11274,14,382,0,350
551,11302,28,384,0,351
552,11316,14,385,0,352
553,11330,14,386,0,352
554,11344,14,386,0,352
555,11422,78,390,0,356
556,11436,14,390,0,356
557,11450,14,391,0,356
558,11464,14,391,0,356
559,11485,21,392,0,357
560,11499,14,393,0,357
561,11520,21,394,0,357
562,11541,21,395,0,358
563,11562,21,396,0,358
564,11590,28,400,0,358
565,11611,21,401,0,358
566,11632,21,402,0,359
567,11646,14,402,0,359
568,11660,14,403,0,359
569,11674,14,403,0,359
570,11688,14,404,0,360
571,11702,14,404,0,360
572,11723,21,406,0,360
573,11737,14,407,0,360
574,11758,21,408,0,360
575,11779,21,409,0,361
576,11793,14,409,0,361
577,11807,14,410,0,361
578,11821,14,410,0,361
579,11835,14,411,0,362
580,11856,21,412,0,362
581,11863,7,412,0,363
582,11898,35,412,0,368
583,11912,14,413,0,369
584,11961,49,414,0,375
585,12025,64,420,0,377
586,12046,21,421,0,379
587,12052,6,422,0,379
588,12066,14,423,0,379
589,12080,14,424,0,379
590,12094,14,425,0,379
591,12108,14,426,0,379
592,12122,14,427,0,379
593,12136,14,427,0,379
594,12157,21,428,0,379
595,12171,14,429,0,380
596,12185,14,430,0,380
597,12199,14,430,0,380
598,12249,50,434,0,382
599,12284,35,436,0,384
600,12312,28,438,0,384
601,12326,14,439,0,385
602,12340,14,439,0,385
603,12361,21,441,0,385
604,12382,21,443,0,385
605,12396,14,444,0,385
606,12410,14,444,0,385
607,12417,7,446,0,385
608,12467,50,449,0,387
609,12481,14,449,0,389
610,12537,56,450,0,396
611,12579,42,454,0,397
612,12643,64,458,0,400
613,12657,14,458,0,400
614,12671,14,459,0,400
615,12685,14,459,0,400
616,12706,21,460,0,401
617,12720,14,461,0,401
618,12741,21,462,0,401
619,12762,21,463,0,402
620,12783,21,464,0,402
621,12790,7,465,0,402
622,12818,28,465,0,406
623,12860,42,468,0,408
624,12881,21,469,0,408
625,12895,14,470,0,408
626,12909,14,471,0,408
627,12923,14,471,0,408
628,12937,14,473,0,408
629,12973,36,475,0,409
630,12994,21,476,0,411
631,13043,49,477,0,417
632,13078,35,479,0,419
633,13099,21,480,0,420
634,13113,14,481,0,420
635,13134,21,482,0,420
636,13141,7,483,0,420
637,13183,42,484,0,425
638,13247,64,490,0,427
639,13268,21,491,0,429
640,13282,14,491,0,431
641,13331,49,491,0,438
642,13395,64,497,0,440
643,13430,35,499,0,442
644,13473,43,502,0,443
645,13508,35,505,0,444
646,13529,21,506,0,444
647,13543,14,507,0,444
648,13564,21,508,0,444
649,13585,21,510,0,444
650,13606,21,512,0,444
651,13620,14,513,0,445
652,13634,14,513,0,445
653,13655,21,515,0,445
654,13669,14,516,0,446
655,13683,14,517,0,446
656,13697,14,517,0,446
657,13718,21,518,0,447
658,13732,14,519,0,447
659,13746,14,520,0,447
660,13760,14,521,0,447
661,13774,14,522,0,447
662,13788,14,523,0,447
663,13795,7,524,0,447
664,13823,28,524,0,450
665,13844,21,525,0,452
666,13858,14,525,0,454
667,13928,70,526,0,462
668,13942,14,526,0,462
669,13963,21,527,0,462
670,13977,14,528,0,463
671,13991,14,528,0,463
672,14005,14,529,0,463
673,14012,7,529,0,463
674,14040,28,529,0,467
675,14082,42,532,0,469
676,14110,28,534,0,469
677,14124,14,535,0,469
678,14138,14,536,0,469
679,14152,14,536,0,469
680,14180,28,539,0,469
681,14194,14,540,0,470
682,14208,14,540,0,470
683,14229,21,542,0,470
684,14243,14,543,0,470
685,14257,14,544,0,471
686,14271,14,544,0,471
687,14292,21,545,0,472
688,14306,14,545,0,472
689,14320,14,546,0,472
690,14334,14,546,0,472
691,14341,7,546,0,473
692,14348,7,546,0,474
693,14404,56,546,0,482
694,14446,42,550,0,483
695,14467,21,551,0,484
696,14481,14,552,0,484
697,14495,14,552,0,484
698,14552,57,556,0,487
699,14587,35,560,0,488
700,14608,21,561,0,488
701,14629,21,562,0,489
702,14650,21,563,0,489
703,14685,35,567,0,489
704,14699,14,568,0,489
705,14713,14,569,0,489
706,14727,14,569,0,489
707,14748,21,570,0,490
708,14762,14,571,0,490
709,14776,14,572,0,490
710,14790,14,573,0,490
711,14833,43,577,0,490
712,14875,42,580,0,492
713,14896,21,581,0,493
714,14910,14,582,0,493
715,14931,21,583,0,493
716,14959,28,587,0,493
717,14973,14,587,0,493
718,14987,14,588,0,494
719,15001,14,588,0,494
720,15008,7,590,0,494
721,15015,7,590,0,494
722,15050,35,591,0,498
723,15071,21,593,0,499
724,15078,7,593,0,500
725,15148,70,595,0,507
726,15162,14,595,0,507
727,15183,21,596,0,507
728,15197,14,597,0,508
729,15211,14,597,0,508
730,15232,21,599,0,508
731,15246,14,599,0,508
732,15303,57,603,0,510
733,15331,28,605,0,510
734,15345,14,606,0,510
735,15359,14,607,0,510
736,15380,21,608,0,510
737,15394,14,609,0,510
738,15408,14,610,0,510
739,15422,14,611,0,510
740,15436,14,612,0,510
741,15479,43,615,0,511
742,15500,21,616,0,513
743,15507,7,616,0,514
744,15563,56,617,0,521
745,15577,14,618,0,522
746,15626,49,619,0,528
747,15668,42,623,0,529
748,15696,28,625,0,530
749,15710,14,626,0,530
750,15731,21,627,0,530
751,15745,14,628,0,530
752,15759,14,629,0,530
753,15773,14,629,0,530
754,15794,21,630,0,531
755,15808,14,631,0,531
756,15865,57,635,0,532
757,15886,21,636,0,532
758,15900,14,637,0,532
759,15914,14,638,0,532
760,15928,14,639,0,532
761,15949,21,640,0,532
762,15970,21,641,0,532
763,15984,14,642,0,532
764,15998,14,643,0,533
765,16012,14,644,0,533
766,16033,21,645,0,533
767,16047,14,646,0,533
768,16061,14,647,0,534
769,16075,14,647,0,534
770,16082,7,649,0,534
771,16089,7,649,0,534
772,16131,42,650,0,539
773,16166,35,652,0,541
774,16173,7,652,0,542
775,16208,35,652,0,547
776,16229,21,654,0,548
777,16271,42,655,0,553
778,16370,99,662,0,558
779,16413,43,664,0,560
780,16455,42,666,0,563
781,16469,14,666,0,563
782,16490,21,667,0,564
783,16504,14,668,0,564
784,16525,21,669,0,564
785,16539,14,669,0,564
786,16553,14,670,0,564
787,16567,14,670,0,564
788,16588,21,671,0,565
789,16602,14,672,0,565
790,16616,14,673,0,565
791,16630,14,673,0,565
792,16644,14,673,0,565
793,16658,14,674,0,565
794,16665,7,675,0,565
795,16700,35,675,0,570
796,16742,42,678,0,572
797,16763,21,679,0,573
798,16777,14,680,0,573
799,16791,14,680,0,573
800,16805,14,681,0,573
801,16833,28,684,0,573
802,16847,14,685,0,574
803,16861,14,686,0,574
804,16882,21,687,0,574
805,16896,14,687,0,574
806,16910,14,688,0,574
807,16924,14,688,0,574
808,16952,28,689,0,576
809,16966,14,690,0,576
810,16980,14,691,0,576
811,16994,14,691,0,576
812,17015,21,692,0,577
813,17029,14,693,0,577
814,17050,21,694,0,577
815,17064,14,695,0,578
816,17078,14,695,0,578
817,17085,7,696,0,578
818,17127,42,696,0,584
819,17148,21,697,0,586
820,17204,56,698,0,593
821,17218,14,698,0,595
822,17274,56,699,0,602
823,17302,28,701,0,604
824,17309,7,701,0,605
825,17351,42,702,0,610
826,17429,78,707,0,615
827,17443,14,708,0,616
828,17492,49,709,0,622
829,17541,49,713,0,624
830,17555,14,714,0,624
831,17569,14,714,0,624
832,17576,7,714,0,625
833,17583,7,714,0,626
834,17632,49,714,0,633
835,17653,21,715,0,635
836,17667,14,715,0,637
837,17702,35,715,0,642
838,17744,42,718,0,644
839,17758,14,718,0,644
840,17772,14,719,0,644
841,17786,14,719,0,644
842,17807,21,720,0,645
843,17821,14,721,0,645
844,17842,21,722,0,645
845,17856,14,723,0,646
846,17870,14,723,0,646
847,17891,21,725,0,646
848,17955,64,729,0,649
849,17998,43,731,0,651
850,18033,35,733,0,653
851,18040,7,733,0,654
852,18068,28,733,0,658
853,18110,42,737,0,659
854,18174,64,741,0,662
855,18188,14,741,0,662
856,18224,36,743,0,663
857,18252,28,745,0,665
858,18273,21,746,0,665
859,18294,21,747,0,666
860,18315,21,748,0,666
861,18322,7,748,0,667
862,18350,28,748,0,671
863,18392,42,751,0,673
864,18413,21,752,0,673
865,18427,14,753,0,673
866,18441,14,754,0,673
867,18455,14,754,0,673
868,18476,21,756,0,673
869,18490,14,757,0,673
870,18511,21,758,0,673
871,18532,21,759,0,674
872,18546,14,759,0,674
873,18560,14,760,0,674
874,18574,14,760,0,674
875,18588,14,761,0,675
876,18609,21,762,0,675
877,18616,7,762,0,676
878,18651,35,762,0,681
879,18665,14,763,0,682
880,18714,49,764,0,688
881,18756,42,768,0,689
882,18770,14,769,0,690
883,18784,14,770,0,690
884,18798,14,770,0,690
885,18805,7,772,0,690
886,18819,14,772,0,691
887,18861,42,772,0,697
888,18925,64,778,0,699
889,18967,42,781,0,701
890,18981,14,781,0,701
891,18995,14,782,0,702
892,19009,14,782,0,702
893,19030,21,783,0,703
894,19044,14,784,0,703
895,19065,21,785,0,703
896,19086,21,786,0,704
897,19107,21,787,0,704
898,19150,43,791,0,705
899,19171,21,792,0,707
900,19220,49,793,0,713
901,19255,35,795,0,715
902,19298,43,798,0,717
903,19319,21,799,0,719
904,19396,77,801,0,727
905,19410,14,801,0,727
906,19431,21,802,0,727
907,19445,14,803,0,728
908,19466,21,804,0,728
909,19480,14,805,0,728
910,19494,14,805,0,728
911,19515,21,806,0,729
912,19536,21,807,0,730
913,19543,7,807,0,731
914,19571,28,807,0,735
915,19613,42,810,0,737
916,19634,21,812,0,737
917,19648,14,812,0,737
918,19662,14,813,0,738
919,19676,14,813,0,738
920,19690,14,815,0,738
921,19711,21,816,0,738
922,19725,14,817,0,739
923,19739,14,817,0,739
924,19760,21,819,0,739
925,19774,14,820,0,740
926,19788,14,821,0,740
927,19802,14,821,0,740
928,19823,21,822,0,741
929,19837,14,822,0,741
930,19858,21,823,0,741
931,19872,14,824,0,742
932,19893,21,825,0,742
933,19936,43,828,0,743
934,19964,28,831,0,744
935,20041,77,833,0,752
936,20055,14,834,0,752
937,20076,21,835,0,752
938,20090,14,836,0,753
939,20104,14,837,0,753
940,20125,21,838,0,753
941,20139,14,839,0,753
942,20153,14,840,0,754
943,20167,14,840,0,754
944,20174,7,842,0,754
945,20181,7,842,0,754
946,20223,42,843,0,759
947,20258,35,845,0,761
948,20265,7,845,0,761
949,20293,28,845,0,765
950,20335,42,848,0,767
951,20349,14,848,0,767
952,20392,43,851,0,769
953,20420,28,852,0,771
954,20456,36,854,0,773
955,20470,14,854,0,775
956,20512,42,854,0,781
957,20554,42,857,0,783
958,20618,64,861,0,786
959,20632,14,861,0,786
960,20646,14,862,0,787
961,20660,14,862,0,787
962,20667,7,862,0,788
963,20674,7,862,0,789
964,20723,49,862,0,796
965,20744,21,863,0,798
966,20758,14,863,0,800
967,20793,35,863,0,805
968,20835,42,866,0,807
969,20856,21,867,0,807
970,20870,14,868,0,807
971,20884,14,869,0,807
972,20898,14,869,0,807
973,20912,14,871,0,807
974,20933,21,872,0,807
975,20947,14,873,0,808
976,20961,14,873,0,808
977,20982,21,875,0,808
978,21046,64,879,0,811
979,21060,14,879,0,811
980,21074,14,880,0,811
981,21088,14,880,0,811
982,21095,7,880,0,812
983,21109,14,881,0,813
984,21158,49,882,0,819
985,21200,42,886,0,820
986,21214,14,887,0,821
987,21235,21,888,0,821
988,21263,28,889,0,823
989,21277,14,890,0,823
990,21291,14,891,0,823
991,21305,14,891,0,823
992,21319,14,892,0,823
993,21333,14,892,0,823
994,21354,21,893,0,824
995,21368,14,894,0,824
996,21382,14,895,0,824
997,21396,14,895,0,824
998,21446,50,899,0,825
999,21481,35,901,0,827
1000,21502,21,902,0,827
1001,21516,14,903,0,827
1002,21530,14,904,0,827
1003,21544,14,904,0,827
1004,21587,43,908,0,828
1005,21629,42,911,0,830
1006,21657,28,913,0,830
1007,21671,14,914,0,830
1008,21685,14,914,0,830
1009,21699,14,916,0,830
1010,21720,21,917,0,830
1011,21734,14,918,0,830
1012,21755,21,919,0,830
1013,21762,7,920,0,830
1014,21804,42,921,0,835
1015,21846,42,925,0,836
1016,21860,14,926,0,837
1017,21874,14,927,0,837
1018,21888,14,928,0,837
1019,21909,21,929,0,837
1020,21930,21,930,0,837
1021,21944,14,931,0,837
1022,21958,14,932,0,838
1023,21972,14,933,0,838
1024,21993,21,934,0,838
1025,22007,14,935,0,838
1026,22028,21,936,0,838
1027,22049,21,937,0,839
1028,22092,43,940,0,840
1029,22127,35,942,0,842
1030,22134,7,942,0,842
1031,22162,28,942,0,846
1032,22204,42,945,0,848
1033,22218,14,945,0,848
1034,22239,21,946,0,849
1035,22267,28,947,0,851
1036,22281,14,947,0,851
1037,22295,14,948,0,851
1038,22309,14,948,0,851
1039,22316,7,948,0,852
1040,22351,35,951,0,853
1041,22415,64,955,0,856
1042,22429,14,955,0,856
1043,22443,14,956,0,857
1044,22457,14,956,0,857
1045,22485,28,957,0,859
1046,22499,14,958,0,859
1047,22513,14,959,0,859
1048,22527,14,959,0,859
1049,22541,14,960,0,859
1050,22555,14,960,0,859
1051,22562,7,960,0,860
1052,22590,28,960,0,864
1053,22625,35,962,0,866
1054,22661,36,964,0,867
1055,22682,21,965,0,869
1056,22696,14,965,0,871
1057,22738,42,965,0,877
1058,22752,14,965,0,879
1059,22808,56,966,0,886
1060,22850,42,969,0,888
1061,22871,21,970,0,889
1062,22885,14,971,0,889
1063,22899,14,972,0,889
1064,22920,21,973,0,889
1065,22941,21,974,0,890
1066,22955,14,975,0,890
1067,22976,21,976,0,890
1068,22983,7,977,0,890
1069,23025,42,978,0,895
1070,23067,42,982,0,896
1071,23088,21,983,0,897
1072,23102,14,984,0,897
1073,23123,21,985,0,897
1074,23130,7,986,0,897
1075,23172,42,986,0,903
1076,23214,42,990,0,904
1077,23228,14,991,0,904
1078,23249,21,992,0,905
1079,23270,21,993,0,906
1080,23313,43,995,0,908
1081,23348,35,997,0,910
1082,23355,7,997,0,910
1083,23383,28,997,0,914
1084,23425,42,1000,0,916
1085,23439,14,1000,0,916
1086,23496,57,1004,0,918
1087,23539,43,1007,0,919
1088,23553,14,1007,0,921
1089,23602,49,1007,0,928
1090,23644,42,1010,0,930
1091,23665,21,1011,0,931
1092,23679,14,1012,0,931
1093,23693,14,1012,0,931
1094,23771,78,1018,0,934
1095,23785,14,1019,0,934
1096,23806,21,1020,0,934
1097,23827,21,1021,0,935
1098,23848,21,1022,0,935
1099,23855,7,1022,0,936
1100,23883,28,1022,0,940
1101,23904,21,1023,0,942
1102,23918,14,1023,0,944
1103,23960,42,1023,0,950
1104,23974,14,1023,0,952
1105,24030,56,1024,0,959
1106,24058,28,1026,0,961
1107,24107,49,1026,0,968
1108,24121,14,1026,0,970
1109,24177,56,1027,0,977
1110,24219,42,1030,0,979
1111,24283,64,1034,0,982
1112,24297,14,1034,0,982
1113,24318,21,1035,0,983
1114,24332,14,1036,0,983
1115,24353,21,1037,0,983
1116,24367,14,1038,0,983
1117,24381,14,1039,0,983
1118,24395,14,1040,0,983
1119,24409,14,1041,0,983
1120,24423,14,1041,0,983
1121,24444,21,1042,0,983
1122,24458,14,1043,0,984
1123,24472,14,1044,0,984
1124,24486,14,1045,0,984
1125,24507,21,1046,0,984
1126,24521,14,1047,0,984
1127,24535,14,1047,0,984
1128,24549,14,1048,0,985
1129,24570,21,1049,0,985
1130,24591,21,1050,0,985
1131,24605,14,1051,0,985
1132,24619,14,1052,0,985
1133,24633,14,1053,0,985
1134,24676,43,1056,0,986
1135,24718,42,1059,0,988
1136,24739,21,1060,0,989
1137,24753,14,1061,0,989
1138,24767,14,1061,0,989
1139,24781,14,1062,0,989
1140,24809,28,1065,0,989
1141,24823,14,1066,0,990
1142,24837,14,1067,0,990
1143,24851,14,1067,0,990
1144,24929,78,1071,0,994
1145,24943,14,1071,0,994
1146,24979,36,1073,0,995
1147,24985,6,1074,0,995
1148,24999,14,1075,0,995
1149,25042,43,1078,0,996
1150,25113,71,1085,0,998
1151,25134,21,1086,0,1000
1152,25183,49,1087,0,1006
1153,25218,35,1089,0,1008
1154,25246,28,1091,0,1008
1155,25260,14,1092,0,1009
1156,25274,14,1093,0,1009
1157,25295,21,1094,0,1009
1158,25309,14,1094,0,1009
1159,25345,36,1096,0,1011
1160,25401,56,1097,0,1018
1161,25443,42,1100,0,1020
1162,25507,64,1104,0,1023
1163,25521,14,1104,0,1023
1164,25542,21,1105,0,1024
1165,25556,14,1106,0,1024
1166,25577,21,1107,0,1024
1167,25591,14,1108,0,1024
1168,25605,14,1109,0,1024
1169,25619,14,1110,0,1024
1170,25633,14,1111,0,1024
1171,25647,14,1111,0,1024
1172,25661,14,1112,0,1024
1173,25675,14,1112,0,1024
1174,25696,21,1113,0,1025
1175,25717,21,1114,0,1026
1176,25760,43,1116,0,1028
1177,25795,35,1118,0,1030
1178,25802,7,1118,0,1030
1179,25830,28,1118,0,1034
1180,25901,71,1125,0,1036
1181,25943,42,1128,0,1038
1182,25964,21,1129,0,1039
1183,25978,14,1130,0,1039
1184,25992,14,1130,0,1039
1185,26006,14,1131,0,1039
1186,26034,28,1134,0,1039
1187,26048,14,1135,0,1040
1188,26062,14,1136,0,1040
1189,26076,14,1136,0,1040
1190,26126,50,1139,0,1042
1191,26161,35,1141,0,1044
1192,26182,21,1142,0,1045
1193,26196,14,1143,0,1045
1194,26217,21,1144,0,1045
1195,26231,14,1146,0,1045
1196,26266,35,1146,0,1050
1197,26337,71,1153,0,1052
1198,26358,21,1154,0,1054
1199,26393,35,1156,0,1056
1200,26407,14,1157,0,1056
1201,26421,14,1158,0,1056
1202,26435,14,1158,0,1056
1203,26449,14,1160,0,1056
1204,26470,21,1161,0,1056
1205,26491,21,1162,0,1057
1206,26512,21,1163,0,1057
1207,26526,14,1164,0,1057
1208,26540,14,1165,0,1058
1209,26561,21,1166,0,1058
1210,26582,21,1167,0,1059
1211,26596,14,1167,0,1059
1212,26632,36,1169,0,1060
1213,26638,6,1170,0,1060
1214,26652,14,1171,0,1060
1215,26695,43,1174,0,1061
1216,26737,42,1177,0,1063
1217,26765,28,1179,0,1064
1218,26779,14,1180,0,1064
1219,26800,21,1181,0,1064
1220,26814,14,1182,0,1064
1221,26828,14,1183,0,1064
1222,26842,14,1184,0,1064
1223,26856,14,1185,0,1064
1224,26870,14,1185,0,1064
1225,26891,21,1187,0,1065
1226,26905,14,1188,0,1065
1227,26919,14,1189,0,1065
1228,26933,14,1189,0,1065
1229,26954,21,1190,0,1065
1230,26968,14,1191,0,1065
1231,26989,21,1192,0,1065
1232,27010,21,1193,0,1066
1233,27024,14,1193,0,1066
1234,27081,57,1197,0,1067
1235,27124,43,1201,0,1067
1236,27152,28,1203,0,1069
1237,27201,49,1203,0,1076
1238,27215,14,1203,0,1078
1239,27271,56,1204,0,1085
1240,27313,42,1207,0,1087
1241,27377,64,1211,0,1090
1242,27391,14,1211,0,1090
1243,27412,21,1212,0,1091
1244,27426,14,1213,0,1092
1245,27447,21,1214,0,1092
1246,27461,14,1215,0,1092
1247,27475,14,1215,0,1092
1248,27489,14,1216,0,1093
1249,27503,14,1217,0,1093
1250,27524,21,1218,0,1093
1251,27538,14,1218,0,1093
1252,27595,57,1222,0,1095
1253,27616,21,1223,0,1095
1254,27630,14,1224,0,1095
1255,27701,71,1225,0,1102
1256,27743,42,1228,0,1104
1257,27757,14,1228,0,1104
1258,27778,21,1229,0,1105
1259,27806,28,1230,0,1107
1260,27820,14,1230,0,1107
1261,27834,14,1231,0,1108
1262,27848,14,1231,0,1108
1263,27862,14,1232,0,1109
1264,27876,14,1232,0,1109
1265,27919,43,1236,0,1110
1266,27961,42,1239,0,1112
1267,27982,21,1240,0,1113
1268,27996,14,1241,0,1113
1269,28010,14,1241,0,1113
1270,28067,57,1246,0,1115
1271,28102,35,1250,0,1116
1272,28123,21,1251,0,1116
1273,28144,21,1252,0,1117
1274,28165,21,1254,0,1117
1275,28179,14,1254,0,1117
1276,28193,14,1255,0,1117
1277,28207,14,1256,0,1117
1278,28221,14,1257,0,1117
1279,28242,21,1258,0,1117
1280,28256,14,1259,0,1117
1281,28270,14,1259,0,1117
1282,28284,14,1260,0,1118
1283,28298,14,1260,0,1118
1284,28319,21,1262,0,1118
1285,28333,14,1262,0,1118
1286,28354,21,1263,0,1119
1287,28382,28,1264,0,1121
1288,28396,14,1264,0,1121
1289,28410,14,1265,0,1121
1290,28424,14,1265,0,1121
1291,28452,28,1266,0,1123
1292,28466,14,1267,0,1123
1293,28502,36,1269,0,1124
1294,28523,21,1271,0,1126
1295,28565,42,1271,0,1131
1296,28586,21,1273,0,1132
1297,28600,14,1273,0,1134
1298,28649,49,1273,0,1141
1299,28656,7,1273,0,1142
1300,28712,56,1273,0,1150
1301,28776,64,1279,0,1152
1302,28797,21,1280,0,1154
1303,28853,56,1281,0,1161
1304,28888,35,1283,0,1163
1305,28895,7,1283,0,1163
1306,28923,28,1283,0,1167
1307,28958,35,1285,0,1169
1308,28972,14,1285,0,1169
1309,28986,14,1286,0,1170
1310,29007,21,1287,0,1170
1311,29028,21,1288,0,1171
1312,29042,14,1288,0,1171
1313,29063,21,1289,0,1172
1314,29077,14,1290,0,1173
1315,29098,21,1291,0,1173
1316,29141,43,1294,0,1174
1317,29183,42,1297,0,1176
1318,29204,21,1298,0,1177
1319,29218,14,1299,0,1177
1320,29232,14,1299,0,1177
1321,29310,78,1304,0,1181
1322,29324,14,1305,0,1181
1323,29331,7,1305,0,1181
1324,29359,28,1305,0,1185
1325,29423,64,1311,0,1187
1326,29444,21,1312,0,1189
1327,29500,56,1313,0,1196
1328,29578,78,1320,0,1199
1329,29613,35,1322,0,1201
1330,29627,14,1322,0,1201
1331,29648,21,1323,0,1201
1332,29676,28,1324,0,1203
1333,29690,14,1325,0,1203
1334,29711,21,1326,0,1203
1335,29725,14,1327,0,1204
1336,29739,14,1328,0,1204
1337,29760,21,1329,0,1204
1338,29774,14,1329,0,1204
1339,29831,57,1333,0,1206
1340,29845,14,1334,0,1207
1341,29859,14,1335,0,1207
1342,29873,14,1336,0,1207
1343,29894,21,1337,0,1207
1344,29937,43,1341,0,1207
1345,30001,64,1347,0,1209
1346,30022,21,1348,0,1211
1347,30078,56,1349,0,1218
1348,30113,35,1351,0,1220
1349,30120,7,1351,0,1220
1350,30148,28,1351,0,1224
1351,30183,35,1353,0,1226
1352,30218,35,1356,0,1226
1353,30232,14,1357,0,1226
1354,30253,21,1358,0,1226
1355,30267,14,1358,0,1226
1356,30281,14,1359,0,1226
1357,30295,14,1359,0,1226
1358,30302,7,1359,0,1227
1359,30309,7,1359,0,1228
1360,30365,56,1359,0,1236
1361,30407,42,1362,0,1238
1362,30428,21,1363,0,1239
1363,30442,14,1364,0,1239
1364,30456,14,1365,0,1239
1365,30477,21,1366,0,1239
1366,30505,28,1368,0,1240
1367,30526,21,1369,0,1241
1368,30554,28,1371,0,1242
1369,30618,64,1375,0,1245
1370,30632,14,1375,0,1245
1371,30653,21,1376,0,1246
1372,30667,14,1377,0,1246
1373,30688,21,1378,0,1246
1374,30702,14,1379,0,1246
1375,30716,14,1380,0,1246
1376,30730,14,1381,0,1246
1377,30744,14,1382,0,1246
1378,30758,14,1382,0,1246
1379,30765,7,1382,0,1246
1380,30793,28,1382,0,1250
1381,30835,42,1385,0,1252
1382,30849,14,1385,0,1252
1383,30870,21,1386,0,1252
1384,30884,14,1387,0,1253
1385,30905,21,1388,0,1253
1386,30912,7,1388,0,1254
1387,30940,28,1388,0,1258
1388,30982,42,1391,0,1260
1389,30996,14,1391,0,1260
1390,31017,21,1392,0,1261
1391,31045,28,1393,0,1263
1392,31059,14,1393,0,1263
1393,31080,21,1394,0,1264
1394,31094,14,1395,0,1264
1395,31115,21,1396,0,1264
1396,31129,14,1397,0,1264
1397,31165,36,1399,0,1265
1398,31171,6,1400,0,1265
1399,31256,85,1407,0,1268
1400,31270,14,1407,0,1268
1401,31284,14,1408,0,1268
1402,31298,14,1408,0,1268
1403,31312,14,1409,0,1269
1404,31333,21,1410,0,1269
1405,31340,7,1410,0,1269
1406,31368,28,1410,0,1273
1407,31410,42,1413,0,1275
1408,31424,14,1413,0,1275
1409,31445,21,1414,0,1276
1410,31473,28,1415,0,1278
1411,31487,14,1415,0,1278
1412,31501,14,1416,0,1278
1413,31515,14,1416,0,1278
1414,31522,7,1416,0,1279
1415,31557,35,1419,0,1280
1416,31578,21,1420,0,1281
1417,31592,14,1421,0,1282
1418,31606,14,1422,0,1282
1419,31627,21,1423,0,1282
1420,31641,14,1423,0,1282
1421,31698,57,1427,0,1284
1422,31741,43,1430,0,1286
1423,31776,35,1433,0,1287
1424,31840,64,1437,0,1290
1425,31854,14,1437,0,1290
1426,31911,57,1441,0,1292
1427,31932,21,1442,0,1292
1428,31946,14,1443,0,1292
1429,31960,14,1444,0,1292
1430,31974,14,1445,0,1292
1431,31995,21,1446,0,1292
1432,32009,14,1447,0,1292
1433,32023,14,1448,0,1293
1434,32037,14,1448,0,1293
1435,32044,7,1449,0,1293
1436,32093,49,1450,0,1299
1437,32114,21,1451,0,1301
1438,32163,49,1453,0,1306
1439,32205,42,1456,0,1308
1440,32269,64,1460,0,1311
1441,32283,14,1460,0,1311
1442,32304,21,1461,0,1312
1443,32318,14,1462,0,1312
1444,32339,21,1463,0,1312
1445,32353,14,1464,0,1312
1446,32374,21,1465,0,1312
1447,32388,14,1466,0,1313
1448,32402,14,1467,0,1313
1449,32423,21,1468,0,1313
1450,32437,14,1469,0,1314
1451,32458,21,1470,0,1314
1452,32479,21,1471,0,1315
1453,32522,43,1474,0,1316
1454,32543,21,1475,0,1318
1455,32564,21,1476,0,1320
1456,32592,28,1476,0,1324
1457,32613,21,1477,0,1326
1458,32662,49,1477,0,1333
1459,32704,42,1480,0,1335
1460,32725,21,1481,0,1335
1461,32739,14,1482,0,1335
1462,32810,71,1483,0,1342
1463,32831,21,1484,0,1344
1464,32887,56,1485,0,1351
1465,32908,21,1486,0,1353
1466,32964,56,1488,0,1359
1467,32999,35,1491,0,1360
1468,33020,21,1492,0,1361
1469,33034,14,1493,0,1362
1470,33048,14,1494,0,1362
1471,33069,21,1495,0,1362
1472,33083,14,1496,0,1363
1473,33104,21,1497,0,1363
1474,33125,21,1498,0,1364
1475,33168,43,1501,0,1365
1476,33203,35,1503,0,1367
1477,33231,28,1505,0,1367
1478,33252,21,1506,0,1368
1479,33273,21,1508,0,1368
1480,33316,43,1511,0,1369
1481,33337,21,1512,0,1371
1482,33386,49,1513,0,1377
1483,33428,42,1516,0,1379
1484,33442,14,1516,0,1379
1485,33499,57,1520,0,1381
1486,33513,14,1521,0,1382
1487,33527,14,1522,0,1382
1488,33541,14,1522,0,1382
1489,33562,21,1523,0,1383
1490,33576,14,1524,0,1383
1491,33590,14,1525,0,1383
1492,33604,14,1526,0,1383
1493,33618,14,1527,0,1383
1494,33632,14,1527,0,1383
1495,33639,7,1527,0,1384
1496,33667,28,1528,0,1387
1497,33688,21,1529,0,1389
1498,33744,56,1530,0,1396
1499,33779,35,1532,0,1398
1500,33807,28,1534,0,1398
1501,33821,14,1535,0,1399
1502,33842,21,1536,0,1399
1503,33885,43,1540,0,1399
1504,33927,42,1543,0,1401
1505,33948,21,1544,0,1401
1506,33962,14,1545,0,1401
1507,33983,21,1546,0,1401
1508,33990,7,1547,0,1401
1509,34032,42,1549,0,1405
1510,34074,42,1552,0,1407
1511,34095,21,1554,0,1408
1512,34116,21,1555,0,1408
1513,34123,7,1555,0,1409
1514,34130,7,1555,0,1410
1515,34186,56,1556,0,1417
1516,34193,7,1556,0,1418
1517,34249,56,1556,0,1426
1518,34270,21,1558,0,1428
1519,34312,42,1558,0,1433
1520,34333,21,1559,0,1435
1521,34389,56,1560,0,1442
1522,34424,35,1562,0,1444
1523,34431,7,1562,0,1444
1524,34459,28,1562,0,1448
1525,34494,35,1564,0,1450
1526,34508,14,1564,0,1450
1527,34522,14,1565,0,1450
1528,34543,21,1566,0,1450
1529,34564,21,1567,0,1451
1530,34578,14,1567,0,1451
1531,34599,21,1568,0,1452
1532,34613,14,1569,0,1453
1533,34634,21,1570,0,1453
1534,34677,43,1574,0,1453
1535,34719,42,1577,0,1455
1536,34740,21,1578,0,1456
1537,34754,14,1579,0,1456
1538,34768,14,1580,0,1456
1539,34789,21,1581,0,1456
1540,34832,43,1584,0,1458
1541,34867,35,1587,0,1459
1542,34895,28,1589,0,1460
1543,34909,14,1590,0,1460
1544,34930,21,1591,0,1460
1545,34944,14,1591,0,1460
1546,34958,14,1592,0,1461
1547,34972,14,1592,0,1461
1548,34993,21,1593,0,1462
1549,35007,14,1593,0,1462
1550,35071,64,1598,0,1463
1551,35092,21,1599,0,1463
1552,35106,14,1600,0,1464
1553,35120,14,1600,0,1464
1554,35141,21,1601,0,1465
1555,35155,14,1601,0,1465
1556,35169,14,1602,0,1465
1557,35183,14,1602,0,1465
1558,35211,28,1603,0,1467
1559,35225,14,1604,0,1467
1560,35261,36,1606,0,1468
1561,35282,21,1607,0,1470
1562,35324,42,1608,0,1475
1563,35345,21,1609,0,1477
1564,35352,7,1609,0,1478
1565,35408,56,1610,0,1485
1566,35415,7,1610,0,1486
1567,35471,56,1610,0,1494
1568,35570,99,1617,0,1499
1569,35613,43,1620,0,1500
1570,35634,21,1621,0,1502
1571,35676,42,1624,0,1504
1572,35697,21,1625,0,1505
1573,35718,21,1626,0,1505
1574,35732,14,1627,0,1505
1575,35746,14,1628,0,1505
1576,35760,14,1629,0,1505
1577,35774,14,1629,0,1505
1578,35795,21,1630,0,1505
1579,35823,28,1632,0,1506
1580,35837,14,1633,0,1507
1581,35858,21,1634,0,1507
1582,35901,43,1638,0,1507
1583,35943,42,1641,0,1509
1584,35957,14,1642,0,1510
1585,35978,21,1643,0,1510
1586,36006,28,1644,0,1512
1587,36020,14,1645,0,1512
1588,36056,36,1647,0,1513
1589,36062,6,1648,0,1513
1590,36076,14,1649,0,1513
1591,36083,7,1649,0,1513
1592,36111,28,1652,0,1514
1593,36132,21,1653,0,1516
1594,36146,14,1653,0,1518
1595,36181,35,1655,0,1521
1596,36202,21,1656,0,1523
1597,36208,6,1657,0,1523
1598,36229,21,1659,0,1523
1599,36243,14,1660,0,1523
1600,36257,14,1660,0,1523
1601,36271,14,1661,0,1524
1602,36285,14,1661,0,1524
1603,36328,43,1665,0,1525
1604,36370,42,1668,0,1527
1605,36384,14,1668,0,1527
1606,36405,21,1669,0,1527
1607,36433,28,1670,0,1529
1608,36447,14,1671,0,1529
1609,36483,36,1673,0,1530
1610,36504,21,1675,0,1532
1611,36532,28,1676,0,1533
1612,36553,21,1677,0,1534
1613,36581,28,1678,0,1536
1614,36595,14,1678,0,1536
1615,36616,21,1679,0,1537
1616,36630,14,1680,0,1538
1617,36651,21,1681,0,1538
1618,36672,21,1682,0,1538
1619,36686,14,1683,0,1538
1620,36700,14,1684,0,1539
1621,36714,14,1685,0,1539
1622,36735,21,1686,0,1539
1623,36749,14,1687,0,1539
1624,36763,14,1688,0,1540
1625,36777,14,1688,0,1540
1626,36784,7,1690,0,1540
1627,36798,14,1690,0,1541
1628,36861,63,1691,0,1548
1629,36875,14,1692,0,1548
1630,36896,21,1693,0,1548
1631,36917,21,1694,0,1549
1632,36938,21,1695,0,1549
1633,36966,28,1699,0,1549
1634,36987,21,1700,0,1549
1635,37008,21,1701,0,1550
1636,37022,14,1701,0,1550
1637,37065,43,1704,0,1552
1638,37079,14,1704,0,1554
1639,37121,42,1704,0,1560
1640,37163,42,1707,0,1562
1641,37184,21,1708,0,1563
1642,37198,14,1709,0,1563
1643,37212,14,1710,0,1563
1644,37233,21,1711,0,1563
1645,37261,28,1713,0,1564
1646,37275,14,1714,0,1565
1647,37289,14,1715,0,1565
1648,37310,21,1716,0,1565
1649,37324,14,1717,0,1565
1650,37338,14,1718,0,1565
1651,37352,14,1718,0,1565
1652,37402,50,1723,0,1566
1653,37423,21,1724,0,1568
1654,37479,56,1725,0,1575
1655,37514,35,1727,0,1577
1656,37535,21,1728,0,1577
1657,37549,14,1729,0,1578
1658,37563,14,1730,0,1578
1659,37577,14,1730,0,1578
1660,37584,7,1731,0,1578
1661,37626,42,1732,0,1583
1662,37661,35,1734,0,1585
1663,37668,7,1734,0,1586
1664,37696,28,1734,0,1590
1665,37717,21,1735,0,1592
1666,37766,49,1736,0,1598
1667,37808,42,1739,0,1600
1668,37829,21,1740,0,1601
1669,37843,14,1741,0,1601
1670,37857,14,1742,0,1601
1671,37871,14,1743,0,1601
1672,37885,14,1744,0,1601
1673,37899,14,1745,0,1601
1674,37913,14,1746,0,1601
1675,37934,21,1747,0,1601
1676,37941,7,1749,0,1601
1677,37976,35,1749,0,1605
1678,37997,21,1750,0,1607
1679,38011,14,1750,0,1609
1680,38053,42,1752,0,1613
1681,38074,21,1753,0,1615
1682,38123,49,1754,0,1621
1683,38158,35,1756,0,1623
1684,38165,7,1756,0,1623
1685,38193,28,1756,0,1627
1686,38235,42,1759,0,1629
1687,38256,21,1760,0,1629
1688,38270,14,1761,0,1629
1689,38341,71,1762,0,1636
1690,38369,28,1764,0,1638
1691,38418,49,1765,0,1644
1692,38453,35,1767,0,1646
1693,38481,28,1769,0,1647
1694,38495,14,1770,0,1648
1695,38516,21,1771,0,1648
1696,38537,21,1772,0,1648
1697,38551,14,1773,0,1648
1698,38565,14,1774,0,1648
1699,38579,14,1775,0,1648
1700,38622,43,1778,0,1649
1701,38643,21,1779,0,1651
1702,38649,6,1780,0,1651
1703,38663,14,1781,0,1651
1704,38677,14,1782,0,1651
1705,38691,14,1783,0,1651
1706,38705,14,1784,0,1651
1707,38719,14,1785,0,1651
1708,38733,14,1785,0,1651
1709,38740,7,1786,0,1651
1710,38768,28,1786,0,1655
1711,38810,42,1789,0,1657
1712,38824,14,1789,0,1657
1713,38860,36,1791,0,1659
1714,38916,56,1792,0,1666
1715,38958,42,1795,0,1668
1716,38972,14,1795,0,1668
1717,38993,21,1796,0,1669
1718,39021,28,1797,0,1671
1719,39035,14,1797,0,1671
1720,39049,14,1798,0,1671
1721,39063,14,1798,0,1671
1722,39091,28,1799,0,1673
1723,39105,14,1800,0,1673
1724,39119,14,1801,0,1673
1725,39133,14,1802,0,1673
1726,39147,14,1803,0,1673
1727,39161,14,1803,0,1673
1728,39182,21,1804,0,1673
1729,39196,14,1805,0,1674
1730,39210,14,1806,0,1674
1731,39224,14,1806,0,1674
1732,39302,78,1811,0,1678
1733,39345,43,1814,0,1679
1734,39380,35,1816,0,1681
1735,39387,7,1816,0,1681
1736,39415,28,1816,0,1685
1737,39457,42,1819,0,1687
1738,39478,21,1820,0,1687
1739,39492,14,1821,0,1687
1740,39563,71,1822,0,1694
1741,39605,42,1825,0,1696
1742,39619,14,1826,0,1697
1743,39640,21,1827,0,1697
1744,39668,28,1828,0,1699
1745,39682,14,1828,0,1699
1746,39718,36,1830,0,1700
1747,39732,14,1830,0,1702
1748,39781,49,1830,0,1709
1749,39830,49,1834,0,1711
1750,39844,14,1835,0,1712
1751,39858,14,1835,0,1712
1752,39879,21,1836,0,1713
1753,39922,43,1839,0,1714
1754,39943,21,1840,0,1716
1755,39992,49,1841,0,1722
1756,40027,35,1843,0,1724
1757,40070,43,1845,0,1726
1758,40091,21,1846,0,1728
1759,40140,49,1847,0,1734
1760,40182,42,1850,0,1736
1761,40196,14,1851,0,1737
1762,40217,21,1852,0,1737
1763,40245,28,1853,0,1739
1764,40259,14,1853,0,1739
1765,40273,14,1854,0,1740
1766,40287,14,1854,0,1740
1767,40301,14,1855,0,1741
1768,40315,14,1855,0,1741
1769,40336,21,1857,0,1741
1770,40350,14,1858,0,1741
1771,40371,21,1859,0,1741
1772,40385,14,1860,0,1741
1773,40428,43,1863,0,1742
1774,40449,21,1864,0,1744
1775,40498,49,1865,0,1750
1776,40519,21,1866,0,1752
1777,40533,14,1866,0,1754
1778,40568,35,1866,0,1759
1779,40589,21,1867,0,1761
1780,40603,14,1867,0,1763
1781,40638,35,1867,0,1768
1782,40680,42,1870,0,1770
1783,40701,21,1871,0,1770
1784,40715,14,1872,0,1770
1785,40786,71,1873,0,1777
1786,40807,21,1874,0,1779
1787,40856,49,1875,0,1785
1788,40877,21,1876,0,1787
1789,40940,63,1877,0,1795
1790,40947,7,1877,0,1796
1791,41003,56,1877,0,1804
1792,41045,42,1881,0,1805
1793,41066,21,1882,0,1806
1794,41080,14,1883,0,1806
1795,41094,14,1883,0,1806
1796,41172,78,1888,0,1810
1797,41186,14,1889,0,1810
1798,41207,21,1890,0,1810
1799,41228,21,1891,0,1811
1800,41249,21,1892,0,1811
1801,41277,28,1896,0,1811
1802,41291,14,1897,0,1811
1803,41305,14,1898,0,1811
1804,41326,21,1899,0,1811
1805,41347,21,1900,0,1811
1806,41361,14,1901,0,1811
1807,41432,71,1902,0,1818
1808,41474,42,1905,0,1820
1809,41495,21,1906,0,1821
1810,41509,14,1907,0,1821
1811,41523,14,1908,0,1821
1812,41544,21,1909,0,1821
1813,41572,28,1911,0,1822
1814,41586,14,1912,0,1823
1815,41600,14,1913,0,1823
1816,41614,14,1914,0,1823
1817,41671,57,1918,0,1824
1818,41692,21,1919,0,1824
1819,41706,14,1920,0,1825
1820,41720,14,1921,0,1825
1821,41734,14,1922,0,1825
1822,41755,21,1923,0,1825
1823,41776,21,1924,0,1825
1824,41790,14,1925,0,1825
1825,41804,14,1926,0,1825
1826,41818,14,1926,0,1825
1827,41861,43,1930,0,1826
1828,41903,42,1933,0,1828
1829,41924,21,1934,0,1828
1830,41938,14,1935,0,1828
1831,41952,14,1935,0,1828
1832,41966,14,1936,0,1828
1833,41987,21,1938,0,1828
1834,42001,14,1939,0,1828
1835,42022,21,1940,0,1828
1836,42043,21,1941,0,1828
1837,42064,21,1943,0,1828
1838,42085,21,1944,0,1829
1839,42113,28,1945,0,1831
1840,42127,14,1945,0,1831
1841,42141,14,1946,0,1831
1842,42155,14,1946,0,1831
1843,42162,7,1946,0,1832
1844,42169,7,1946,0,1833
1845,42225,56,1946,0,1841
1846,42253,28,1948,0,1843
1847,42330,77,1950,0,1851
1848,42344,14,1951,0,1851
1849,42365,21,1952,0,1851
1850,42379,14,1953,0,1852
1851,42393,14,1954,0,1852
1852,42407,14,1955,0,1852
1853,42428,21,1956,0,1852
1854,42449,21,1957,0,1853
1855,42470,21,1959,0,1853
1856,42484,14,1959,0,1853
1857,42498,14,1960,0,1853
1858,42512,14,1961,0,1853
1859,42526,14,1961,0,1853
1860,42547,21,1962,0,1853
1861,42561,14,1963,0,1853
1862,42575,14,1964,0,1853
1863,42589,14,1965,0,1853
1864,42603,14,1965,0,1853
1865,42610,7,1966,0,1853
1866,42652,42,1969,0,1856
1867,42680,28,1971,0,1858
1868,42729,49,1971,0,1865
1869,42807,78,1976,0,1870
1870,42821,14,1977,0,1871
1871,42870,49,1978,0,1877
1872,42934,64,1984,0,1879
1873,42955,21,1985,0,1881
1874,42961,6,1986,0,1881
1875,42989,28,1987,0,1883
1876,43003,14,1988,0,1884
1877,43017,14,1989,0,1884
1878,43031,14,1990,0,1884
1879,43045,14,1990,0,1884
1880,43066,21,1991,0,1884
1881,43080,14,1992,0,1885
1882,43094,14,1993,0,1885
1883,43108,14,1993,0,1885
1884,43158,50,1998,0,1886
1885,43193,35,2000,0,1888
1886,43236,43,2003,0,1890
1887,43271,35,2006,0,1891
1888,43285,14,2006,0,1891
1889,43306,21,2007,0,1892
1890,43334,28,2008,0,1894
1891,43348,14,2008,0,1894
1892,43362,14,2009,0,1895
1893,43376,14,2009,0,1895
1894,43383,7,2009,0,1896
1895,43425,42,2013,0,1897
1896,43439,14,2014,0,1897
1897,43460,21,2015,0,1897
1898,43488,28,2017,0,1898
1899,43509,21,2018,0,1899
1900,43523,14,2019,0,1899
1901,43537,14,2019,0,1899
1902,43615,78,2024,0,1903
1903,43629,14,2025,0,1903
1904,43650,21,2026,0,1903
1905,43671,21,2027,0,1904
1906,43692,21,2028,0,1904
1907,43713,21,2031,0,1904
1908,43734,21,2032,0,1904
1909,43748,14,2033,0,1904
1910,43769,21,2034,0,1904
1911,43783,14,2035,0,1904
1912,43797,14,2036,0,1904
1913,43811,14,2037,0,1904
1914,43825,14,2038,0,1904
1915,43846,21,2039,0,1904
1916,43860,14,2041,0,1904
1917,43874,14,2042,0,1904
1918,43895,21,2043,0,1904
1919,43902,7,2044,0,1904
1920,43951,49,2045,0,1910
1921,43972,21,2046,0,1912
1922,44028,56,2047,0,1919
1923,44042,14,2048,0,1920
1924,44091,49,2049,0,1926
1925,44176,85,2057,0,1929
1926,44183,7,2057,0,1930
1927,44232,49,2057,0,1937
1928,44267,35,2059,0,1939
1929,44274,7,2059,0,1939
1930,44302,28,2059,0,1943
1931,44344,42,2062,0,1945
1932,44358,14,2062,0,1945
1933,44379,21,2063,0,1945
1934,44407,28,2064,0,1947
1935,44421,14,2065,0,1947
1936,44442,21,2066,0,1947
1937,44456,14,2067,0,1948
1938,44470,14,2067,0,1948
1939,44491,21,2069,0,1948
1940,44555,64,2073,0,1951
1941,44569,14,2073,0,1951
1942,44583,14,2074,0,1951
1943,44597,14,2074,0,1951
1944,44604,7,2074,0,1952
1945,44611,7,2074,0,1953
1946,44667,56,2074,0,1961
1947,44709,42,2077,0,1963
1948,44723,14,2078,0,1964
1949,44744,21,2079,0,1964
1950,44772,28,2080,0,1966
1951,44786,14,2080,0,1966
1952,44822,36,2082,0,1967
1953,44828,6,2083,0,1967
1954,44849,21,2086,0,1967
1955,44863,14,2087,0,1967
1956,44877,14,2087,0,1967
1957,44891,14,2088,0,1967
1958,44905,14,2088,0,1967
1959,44948,43,2092,0,1968
1960,44990,42,2095,0,1970
1961,45011,21,2097,0,1970
1962,45025,14,2097,0,1970
1963,45039,14,2098,0,1971
1964,45053,14,2098,0,1971
1965,45074,21,2100,0,1971
1966,45088,14,2101,0,1971
1967,45109,21,2102,0,1971
1968,45123,14,2103,0,1971
1969,45173,50,2106,0,1973
1970,45187,14,2106,0,1975
1971,45250,63,2107,0,1983
1972,45264,14,2108,0,1984
1973,45313,49,2109,0,1990
1974,45334,21,2110,0,1992
1975,45376,42,2111,0,1997
1976,45397,21,2112,0,1999
1977,45403,6,2113,0,1999
1978,45417,14,2114,0,1999
1979,45438,21,2115,0,1999
1980,45452,14,2116,0,1999
1981,45466,14,2117,0,1999
1982,45480,14,2117,0,1999
1983,45530,50,2122,0,2000
1984,45551,21,2123,0,2002
1985,45600,49,2124,0,2008
1986,45635,35,2126,0,2010
1987,45642,7,2126,0,2010
1988,45670,28,2126,0,2014
1989,45712,42,2129,0,2016
1990,45726,14,2129,0,2016
1991,45747,21,2130,0,2017
1992,45775,28,2131,0,2019
1993,45789,14,2131,0,2019
1994,45825,36,2133,0,2021
1995,45867,42,2136,0,2024
1996,45881,14,2136,0,2024
1997,45895,14,2137,0,2025
1998,45909,14,2138,0,2025
1999,45930,21,2139,0,2025
2000,45944,14,2140,0,2025
2001,45958,14,2141,0,2026
2002,45972,14,2141,0,2026
2003,45979,7,2142,0,2026
2004,46056,77,2144,0,2034
2005,46070,14,2145,0,2034
2006,46127,57,2149,0,2035
2007,46148,21,2150,0,2035
2008,46162,14,2151,0,2035
2009,46183,21,2152,0,2035
2010,46204,21,2153,0,2036
2011,46247,43,2155,0,2038
2012,46261,14,2155,0,2040
2013,46317,56,2156,0,2047
2014,46359,42,2159,0,2049
2015,46373,14,2159,0,2049
2016,46387,14,2160,0,2050
2017,46401,14,2160,0,2050
2018,46422,21,2161,0,2051
2019,46436,14,2161,0,2051
2020,46450,14,2162,0,2051
2021,46464,14,2162,0,2051
2022,46471,7,2162,0,2052
2023,46485,14,2163,0,2053
2024,46534,49,2164,0,2059
2025,46576,42,2167,0,2061
2026,46590,14,2168,0,2062
2027,46604,14,2169,0,2062
2028,46618,14,2169,0,2062
2029,46625,7,2171,0,2062
2030,46653,28,2173,0,2063
2031,46674,21,2174,0,2063
2032,46688,14,2175,0,2064
2033,46702,14,2176,0,2064
2034,46716,14,2177,0,2064
2035,46737,21,2178,0,2064
2036,46758,21,2179,0,2065
2037,46779,21,2180,0,2065
2038,46800,21,2182,0,2065
2039,46814,14,2183,0,2066
2040,46828,14,2183,0,2066
2041,46849,21,2184,0,2067
2042,46863,14,2184,0,2067
2043,46934,71,2190,0,2068
2044,46948,14,2190,0,2068
2045,47005,57,2194,0,2070
2046,47019,14,2195,0,2070
2047,47033,14,2196,0,2070
2048,47047,14,2196,0,2070
2049,47054,7,2197,0,2070
2050,47068,14,2197,0,2072
2051,47110,42,2198,0,2077
2052,47152,42,2201,0,2079
2053,47173,21,2203,0,2080
2054,47194,21,2204,0,2080
2055,47201,7,2204,0,2081
2056,47264,63,2205,0,2089
2057,47271,7,2205,0,2090
2058,47327,56,2205,0,2098
2059,47391,64,2211,0,2100
2060,47433,42,2214,0,2102
2061,47461,28,2216,0,2102
2062,47475,14,2217,0,2102
2063,47489,14,2218,0,2102
2064,47503,14,2218,0,2102
2065,47531,28,2220,0,2103
2066,47545,14,2221,0,2104
2067,47559,14,2221,0,2104
2068,47580,21,2223,0,2104
2069,47594,14,2224,0,2104
2070,47608,14,2225,0,2104
2071,47622,14,2225,0,2104
2072,47643,21,2226,0,2105
2073,47657,14,2226,0,2105
2074,47671,14,2227,0,2105
2075,47685,14,2227,0,2105
2076,47692,7,2227,0,2106
2077,47699,7,2227,0,2107
2078,47755,56,2227,0,2115
2079,47797,42,2230,0,2117
2080,47825,28,2232,0,2118
2081,47839,14,2233,0,2118
2082,47860,21,2234,0,2118
2083,47874,14,2235,0,2118
2084,47888,14,2236,0,2118
2085,47902,14,2236,0,2118
2086,47916,14,2237,0,2118
2087,47930,14,2237,0,2118
2088,47937,7,2237,0,2119
2089,47965,28,2237,0,2123
2090,48000,35,2239,0,2125
2091,48043,43,2241,0,2127
2092,48064,21,2242,0,2129
2093,48113,49,2243,0,2135
2094,48155,42,2246,0,2137
2095,48219,64,2250,0,2140
2096,48233,14,2250,0,2140
2097,48247,14,2251,0,2141
2098,48261,14,2251,0,2141
2099,48275,14,2252,0,2142
2100,48296,21,2253,0,2142
2101,48317,21,2254,0,2143
2102,48331,14,2255,0,2143
2103,48345,14,2256,0,2143
2104,48359,14,2256,0,2143
2105,48366,7,2256,0,2144
2106,48401,35,2258,0,2147
2107,48443,42,2262,0,2148
2108,48464,21,2263,0,2149
2109,48478,14,2264,0,2149
2110,48499,21,2265,0,2149
2111,48527,28,2268,0,2149
2112,48541,14,2269,0,2149
2113,48555,14,2270,0,2149
2114,48569,14,2271,0,2149
2115,48612,43,2275,0,2149
2116,48633,21,2276,0,2151
2117,48689,56,2277,0,2158
2118,48724,35,2279,0,2160
2119,48731,7,2279,0,2161
2120,48759,28,2279,0,2165
2121,48801,42,2282,0,2167
2122,48815,14,2282,0,2167
2123,48836,21,2283,0,2168
2124,48864,28,2284,0,2170
2125,48878,14,2284,0,2170
2126,48914,36,2286,0,2172
2127,48928,14,2286,0,2174
2128,48977,49,2286,0,2181
2129,49019,42,2289,0,2183
2130,49047,28,2291,0,2184
2131,49061,14,2292,0,2184
2132,49082,21,2293,0,2184
2133,49096,14,2294,0,2184
2134,49110,14,2295,0,2184
2135,49124,14,2295,0,2184
2136,49145,21,2296,0,2185
2137,49159,14,2297,0,2185
2138,49216,57,2301,0,2186
2139,49237,21,2302,0,2186
2140,49251,14,2303,0,2186
2141,49272,21,2304,0,2186
2142,49293,21,2305,0,2187
2143,49307,14,2305,0,2187
2144,49321,14,2306,0,2187
2145,49335,14,2306,0,2187
2146,49342,7,2306,0,2188
2147,49377,35,2309,0,2189
2148,49441,64,2313,0,2192
2149,49455,14,2313,0,2192
2150,49469,14,2314,0,2192
2151,49483,14,2314,0,2192
2152,49511,28,2315,0,2194
2153,49525,14,2316,0,2194
2154,49561,36,2318,0,2195
2155,49567,6,2319,0,2195
2156,49581,14,2320,0,2195
2157,49602,21,2321,0,2195
2158,49616,14,2322,0,2195
2159,49630,14,2323,0,2195
2160,49644,14,2324,0,2195
2161,49665,21,2325,0,2195
2162,49679,14,2326,0,2196
2163,49693,14,2327,0,2196
2164,49707,14,2328,0,2196
2165,49728,21,2329,0,2196
2166,49742,14,2330,0,2196
2167,49756,14,2330,0,2196
2168,49770,14,2331,0,2197
2169,49784,14,2332,0,2197
2170,49798,14,2332,0,2197
2171,49826,28,2334,0,2197
2172,49847,21,2335,0,2198
2173,49868,21,2336,0,2199
2174,49882,14,2336,0,2199
2175,49896,14,2337,0,2199
2176,49910,14,2337,0,2199
2177,49924,14,2338,0,2200
2178,49945,21,2339,0,2200
2179,49952,7,2339,0,2200
2180,49980,28,2339,0,2204
2181,50022,42,2342,0,2206
2182,50036,14,2342,0,2206
2183,50057,21,2343,0,2207
2184,50085,28,2344,0,2209
2185,50099,14,2344,0,2209
2186,50113,14,2345,0,2209
2187,50127,14,2345,0,2209
2188,50134,7,2345,0,2210
2189,50148,14,2346,0,2211
2190,50197,49,2347,0,2217
2191,50239,42,2350,0,2219
2192,50260,21,2351,0,2220
2193,50274,14,2352,0,2220
2194,50288,14,2352,0,2220
2195,50366,78,2357,0,2224
2196,50416,50,2360,0,2226
2197,50515,99,2369,0,2229
2198,50529,14,2369,0,2229
2199,50543,14,2370,0,2229
2200,50557,14,2370,0,2229
2201,50571,14,2371,0,2230
2202,50585,14,2372,0,2230
2203,50606,21,2373,0,2230
2204,50620,14,2374,0,2230
2205,50634,14,2375,0,2231
2206,50648,14,2375,0,2231
2207,50669,21,2377,0,2231
2208,50683,14,2378,0,2231
2209,50697,14,2379,0,2231
2210,50711,14,2379,0,2231
2211,50732,21,2380,0,2232
2212,50746,14,2381,0,2232
2213,50782,36,2383,0,2233
2214,50803,21,2384,0,2235
2215,50845,42,2385,0,2240
2216,50887,42,2388,0,2242
2217,50915,28,2390,0,2243
2218,50929,14,2391,0,2243
2219,50950,21,2392,0,2243
2220,50964,14,2393,0,2243
2221,50978,14,2394,0,2243
2222,50992,14,2395,0,2243
2223,51006,14,2396,0,2243
2224,51020,14,2396,0,2243
2225,51034,14,2397,0,2243
2226,51048,14,2397,0,2243
2227,51069,21,2398,0,2244
2228,51090,21,2399,0,2245
2229,51104,14,2399,0,2245
2230,51161,57,2403,0,2246
2231,51175,14,2404,0,2246
2232,51196,21,2405,0,2246
2233,51217,21,2406,0,2247
2234,51238,21,2407,0,2247
2235,51259,21,2409,0,2247
2236,51280,21,2410,0,2248
2237,51294,14,2411,0,2248
2238,51315,21,2412,0,2248
2239,51336,21,2413,0,2249
2240,51350,14,2414,0,2249
2241,51364,14,2414,0,2249
2242,51378,14,2415,0,2249
2243,51406,28,2418,0,2249
2244,51420,14,2419,0,2250
2245,51434,14,2420,0,2250
2246,51448,14,2420,0,2250
2247,51462,14,2421,0,2250
2248,51476,14,2421,0,2250
2249,51497,21,2422,0,2251
2250,51525,28,2423,0,2253
2251,51539,14,2423,0,2253
2252,51575,36,2425,0,2254
2253,51581,6,2426,0,2254
2254,51595,14,2427,0,2254
2255,51616,21,2428,0,2254
2256,51630,14,2429,0,2254
2257,51644,14,2430,0,2254
2258,51658,14,2430,0,2254
2259,51701,43,2434,0,2255
2260,51743,42,2437,0,2257
2261,51764,21,2438,0,2257
2262,51778,14,2439,0,2257
2263,51792,14,2440,0,2257
2264,51806,14,2441,0,2257
2265,51849,43,2444,0,2258
2266,51891,42,2447,0,2260
2267,51905,14,2447,0,2260
2268,51926,21,2448,0,2261
2269,51954,28,2449,0,2263
2270,51968,14,2449,0,2263
2271,51989,21,2450,0,2263
2272,52003,14,2451,0,2264
2273,52024,21,2452,0,2264
2274,52067,43,2456,0,2264
2275,52109,42,2459,0,2266
2276,52137,28,2461,0,2267
2277,52151,14,2462,0,2267
2278,52172,21,2463,0,2267
2279,52186,14,2464,0,2267
2280,52200,14,2465,0,2267
2281,52214,14,2466,0,2267
2282,52228,14,2467,0,2267
2283,52242,14,2467,0,2267
2284,52249,7,2467,0,2268
2285,52277,28,2467,0,2272
2286,52298,21,2468,0,2274
2287,52354,56,2469,0,2281
2288,52389,35,2471,0,2283
2289,52417,28,2473,0,2283
2290,52431,14,2474,0,2284
2291,52445,14,2475,0,2284
2292,52466,21,2476,0,2284
2293,52480,14,2476,0,2284
2294,52494,14,2477,0,2285
2295,52508,14,2477,0,2285
2296,52529,21,2478,0,2286
2297,52543,14,2478,0,2286
2298,52579,36,2480,0,2288
2299,52643,64,2484,0,2292
2300,52685,42,2487,0,2294
2301,52713,28,2489,0,2295
2302,52727,14,2490,0,2295
2303,52748,21,2491,0,2295
2304,52762,14,2491,0,2295
2305,52783,21,2492,0,2296
2306,52797,14,2493,0,2297
2307,52818,21,2494,0,2297
2308,52832,14,2495,0,2297
2309,52846,14,2495,0,2297
2310,52867,21,2496,0,2298
2311,52895,28,2498,0,2298
2312,52909,14,2498,0,2298
2313,52923,14,2499,0,2299
2314,52937,14,2499,0,2299
2315,52958,21,2500,0,2300
2316,53001,43,2503,0,2301
2317,53043,42,2506,0,2303
2318,53057,14,2507,0,2303
2319,53071,14,2508,0,2303
2320,53085,14,2509,0,2303
2321,53099,14,2509,0,2303
2322,53149,50,2513,0,2304
2323,53163,14,2513,0,2306
2324,53219,56,2514,0,2313
2325,53247,28,2516,0,2315
2326,53289,42,2518,0,2319
2327,53331,42,2521,0,2321
2328,53352,21,2522,0,2322
2329,53366,14,2523,0,2322
2330,53387,21,2524,0,2322
2331,53394,7,2525,0,2322
2332,53436,42,2525,0,2328
2333,53507,71,2531,0,2331
2334,53528,21,2533,0,2332
2335,53577,49,2534,0,2338
2336,53612,35,2536,0,2340
2337,53640,28,2538,0,2340
2338,53654,14,2539,0,2341
2339,53668,14,2540,0,2341
2340,53689,21,2541,0,2341
2341,53703,14,2541,0,2341
2342,53717,14,2542,0,2342
2343,53742,25,2542,0,2342
2344,53763,21,2543,0,2343
2345,53777,14,2543,0,2343
2346,53874,97,2547,0,2349
2347,53894,20,2547,0,2350
2348,53943,49,2548,0,2355
2349,53985,42,2550,0,2357
2350,53992,7,2550,0,2358
2351,53999,7,2550,0,2359
2352,54006,7,2550,0,2360
2353,54020,14,2551,0,2361
2354,54027,7,2551,0,2361
2355,54034,7,2551,0,2361
2356,54041,7,2551,0,2361
2357,54055,14,2552,0,2361
2358,54075,20,2553,0,2361
2359,54106,31,2554,0,2363
2360,54113,7,2554,0,2363
2361,54159,46,2555,0,2365
2362,54170,11,2555,0,2367
2363,54205,35,2555,0,2371
2364,54260,55,2559,0,2372
2365,54288,28,2561,0,2373
2366,54316,28,2562,0,2374
2367,54323,7,2562,0,2374
2368,54337,14,2562,0,2375
2369,54344,7,2563,0,2375
2370,54365,21,2563,0,2377
2371,54394,29,2563,0,2379
2372,54437,43,2563,0,2382
2373,54451,14,2563,0,2383
2374,54466,15,2563,0,2385
2375,54473,7,2563,0,2386
2376,54495,22,2564,0,2388
2377,54510,15,2564,0,2388
2378,54532,22,2564,0,2390
2379,54547,15,2565,0,2390
2380,54599,52,2566,0,2392
2381,54606,7,2566,0,2392
2382,54673,67,2567,0,2397
2383,54681,8,2567,0,2397
2384,54696,15,2567,0,2398
2385,54718,22,2567,0,2400
2386,54733,15,2568,0,2400
2387,54756,23,2568,0,2402
2388,54826,70,2570,0,2406
2389,54858,32,2571,0,2407
2390,54873,15,2572,0,2407
2391,54881,8,2572,0,2407
2392,54889,8,2572,0,2407
2393,54897,8,2573,0,2407
2394,54920,23,2573,0,2409
2395,54936,16,2573,0,2411
2396,54961,25,2576,0,2411
2397,54969,8,2576,0,2411
2398,54985,16,2576,0,2412
2399,55010,25,2579,0,2412
2400,55018,8,2579,0,2412
2401,55026,8,2580,0,2412
2402,55034,8,2580,0,2412
2403,55042,8,2581,0,2412
2404,55050,8,2581,0,2412
2405,55058,8,2582,0,2412
2406,55066,8,2582,0,2412
2407,55074,8,2583,0,2412
2408,55082,8,2583,0,2412
2409,55090,8,2583,0,2412
2410,55113,23,2584,0,2414
2411,55169,56,2584,0,2419
2412,55185,16,2584,0,2421
2413,55193,8,2584,0,2422
2414,55267,74,2586,0,2427
2415,55284,17,2586,0,2428
2416,55292,8,2587,0,2428
2417,55300,8,2588,0,2428
2418,55317,17,2588,0,2429
2419,55350,33,2589,0,2431
2420,55358,8,2589,0,2432
2421,55400,42,2589,0,2436
2422,55443,43,2589,0,2441
2423,55460,17,2589,0,2442
2424,55513,53,2590,0,2447
2425,55539,26,2590,0,2450
2426,55565,26,2591,0,2451
2427,55583,18,2591,0,2453
2428,55591,8,2591,0,2453
2429,55645,54,2593,0,2455
2430,55654,9,2593,0,2456
2431,55672,18,2594,0,2456
2432,55699,27,2594,0,2459
2433,55708,9,2594,0,2459
2434,55717,9,2595,0,2459
2435,55745,28,2598,0,2459
2436,55764,19,2598,0,2459
2437,55773,9,2598,0,2460
2438,55783,10,2598,0,2461
2439,55811,28,2599,0,2462
2440,55820,9,2599,0,2463
2441,55839,19,2599,0,2465
2442,55848,9,2599,0,2466
2443,55867,19,2600,0,2466
2444,55886,19,2600,0,2468
2445,55905,19,2601,0,2469
2446,55924,19,2602,0,2469
2447,55943,19,2603,0,2469
2448,55972,29,2603,0,2469
2449,56020,48,2604,0,2472
2450,56029,9,2604,0,2473
2451,56039,10,2604,0,2474
2452,56048,9,2604,0,2475
2453,56058,10,2605,0,2475
2454,56067,9,2605,0,2476
2455,56086,19,2605,0,2478
2456,56096,10,2605,0,2479
2457,56106,10,2605,0,2479
2458,56115,9,2606,0,2479
2459,56125,10,2606,0,2480
2460,56135,10,2606,0,2481
2461,56145,10,2606,0,2482
2462,56165,20,2607,0,2483
2463,56186,21,2607,0,2484
2464,56195,9,2607,0,2485
2465,56215,20,2607,0,2487
2466,56225,10,2607,0,2488
2467,56235,10,2607,0,2488
2468,56245,10,2607,0,2489
2469,56265,20,2608,0,2490
2470,56275,10,2610,0,2490
2471,56296,21,2611,0,2490
2472,56306,10,2611,0,2491
2473,56327,21,2612,0,2492
2474,56348,21,2612,0,2493
2475,56358,10,2612,0,2494
2476,56368,10,2613,0,2494
2477,56379,11,2615,0,2494
2478,56389,10,2615,0,2494
2479,56400,11,2617,0,2494
2480,56410,10,2617,0,2494
2481,56421,11,2617,0,2495
2482,56442,21,2619,0,2496
2483,56453,11,2619,0,2496
2484,56463,10,2619,0,2497
2485,56474,11,2619,0,2498
2486,56484,10,2620,0,2498
2487,56495,11,2620,0,2499
2488,56505,10,2621,0,2499
2489,56548,43,2624,0,2500
2490,56591,43,2627,0,2501
2491,56612,21,2628,0,2502
2492,56623,11,2628,0,2503
2493,56644,21,2630,0,2504
2494,56655,11,2630,0,2504
2495,56665,10,2632,0,2504
2496,56676,11,2632,0,2504
2497,56686,10,2632,0,2505
2498,56707,21,2634,0,2506
2499,56718,11,2634,0,2506
2500,56728,10,2635,0,2507
2501,56739,11,2635,0,2507
2502,56749,10,2635,0,2508
2503,56760,11,2636,0,2508
2504,56781,21,2638,0,2509
2505,56792,11,2638,0,2509
2506,56802,10,2640,0,2509
2507,56813,11,2640,0,2509
2508,56823,10,2640,0,2510
2509,56833,10,2641,0,2510
2510,56854,21,2642,0,2510
2511,56865,11,2642,0,2511
2512,56875,10,2643,0,2511
2513,56896,21,2643,0,2512
2514,56906,10,2644,0,2512
2515,56917,11,2644,0,2512
2516,56971,54,2648,0,2513
2517,56981,10,2648,0,2514
2518,56991,10,2648,0,2514
2519,57001,10,2648,0,2515
2520,57012,11,2648,0,2516
2521,57022,10,2649,0,2516
2522,57033,11,2649,0,2516
2523,57043,10,2649,0,2517
2524,57054,11,2649,0,2518
2525,57065,11,2649,0,2519
2526,57076,11,2649,0,2520
2527,57087,11,2650,0,2520
2528,57098,11,2652,0,2520
2529,57109,11,2652,0,2520
2530,57119,10,2652,0,2520
2531,57130,11,2652,0,2521
2532,57151,21,2653,0,2522
2533,57174,23,2653,0,2524
2534,57185,11,2654,0,2524
2535,57196,11,2655,0,2524
2536,57218,22,2655,0,2526
2537,57229,11,2656,0,2526
2538,57251,22,2657,0,2527
2539,57262,11,2657,0,2528
2540,57273,11,2657,0,2529
2541,57283,10,2657,0,2530
2542,57306,23,2658,0,2531
2543,57317,11,2658,0,2532
2544,57329,12,2659,0,2532
2545,57340,11,2659,0,2532
2546,57351,11,2660,0,2532
2547,57363,12,2661,0,2532
2548,57374,11,2661,0,2532
2549,57385,11,2661,0,2533
2550,57396,11,2661,0,2534
2551,57407,11,2662,0,2534
2552,57419,12,2662,0,2534
2553,57455,36,2663,0,2535
2554,57466,11,2663,0,2536
2555,57478,12,2664,0,2536
2556,57490,12,2664,0,2537
2557,57514,24,2664,0,2539
2558,57551,37,2666,0,2539
2559,57563,12,2667,0,2539
2560,57575,12,2667,0,2540
2561,57626,51,2668,0,2543
2562,57638,12,2668,0,2544
2563,57663,25,2668,0,2546
2564,57689,26,2668,0,2548
2565,57702,13,2668,0,2549
2566,57714,12,2668,0,2550
2567,57727,13,2668,0,2551
2568,57740,13,2668,0,2552
2569,57780,40,2668,0,2555
2570,57793,13,2668,0,2556
2571,57806,13,2668,0,2557
2572,57819,13,2668,0,2558
2573,57846,27,2668,0,2559
2574,57859,13,2669,0,2559
2575,57873,14,2670,0,2559
2576,57886,13,2670,0,2560
2577,57900,14,2670,0,2561
2578,57914,14,2670,0,2562
2579,57928,14,2671,0,2562
2580,57957,29,2673,0,2562
2581,57971,14,2674,0,2562
2582,58000,29,2674,0,2564
2583,58014,14,2675,0,2564
2584,58029,15,2675,0,2565
2585,58044,15,2676,0,2566
2586,58060,16,2676,0,2566
2587,58089,29,2678,0,2566
2588,58104,15,2678,0,2567
2589,58118,14,2678,0,2568
2590,58133,15,2679,0,2568
2591,58148,15,2679,0,2569
2592,58163,15,2679,0,2570
2593,58177,14,2680,0,2570
2594,58192,15,2682,0,2570
2595,58207,15,2682,0,2570
2596,58222,15,2682,0,2571
2597,58238,16,2682,0,2572
2598,58254,16,2682,0,2573
2599,58270,16,2682,0,2574
2600,58286,16,2682,0,2575
2601,58302,16,2682,0,2576
2602,58319,17,2684,0,2576
2603,58335,16,2684,0,2576
2604,58351,16,2686,0,2576
2605,58367,16,2687,0,2576
2606,58383,16,2688,0,2576
2607,58400,17,2688,0,2576
2608,58417,17,2689,0,2576
2609,58433,16,2690,0,2577
2610,58449,16,2691,0,2577
2611,58467,18,2691,0,2577
2612,58484,17,2693,0,2577
2613,58502,18,2693,0,2577
2614,58520,18,2694,0,2577
2615,58537,17,2696,0,2577
2616,58555,18,2697,0,2577
2617,58573,18,2698,0,2577
2618,58591,18,2699,0,2577
2619,58606,15,2700,0,2577
2620,58622,16,2701,0,2577
2621,58639,17,2702,0,2577
2622,58655,16,2703,0,2577
2623,58673,18,2704,0,2577
2624,58690,17,2705,0,2577
2625,58707,17,2706,0,2577
2626,58722,15,2707,0,2577
2627,58738,16,2708,0,2577
2628,58756,18,2709,0,2577
2629,58774,18,2710,0,2577
2630,58793,19,2711,0,2577
2631,58812,19,2712,0,2577
2632,58832,20,2713,0,2577
2633,58851,19,2714,0,2577
2634,58872,21,2715,0,2577
2635,58892,20,2716,0,2577
2636,58912,20,2717,0,2577
2637,58933,21,2718,0,2577
2638,58952,19,2719,0,2577
2639,58972,20,2720,0,2577
2640,58992,20,2721,0,2577
2641,59014,22,2722,0,2577
2642,59036,22,2723,0,2577
2643,59059,23,2724,0,2577
2644,59082,23,2725,0,2577
2645,59103,21,2726,0,2577
2646,59125,22,2727,0,2577
2647,59150,25,2728,0,2577
2648,59171,21,2729,0,2577
2649,59197,26,2730,0,2577
2650,59223,26,2731,0,2577
2651,59249,26,2732,0,2577
2652,59275,26,2733,0,2577
2653,59300,25,2734,0,2577
2654,59324,24,2735,0,2577
2655,59352,28,2736,0,2577
2656,59379,27,2737,0,2577
2657,59403,24,2738,0,2577
2658,59418,15,2739,0,2577
2659,59439,21,2740,0,2577
2660,59461,22,2741,0,2577
2661,59483,22,2742,0,2577
2662,59504,21,2743,0,2577
2663,59530,26,2744,0,2577
2664,59548,18,2745,0,2577
2665,59564,16,2746,0,2577
2666,59592,28,2747,0,2577
2667,59618,26,2748,0,2577
2668,59636,18,2749,0,2577
2669,59667,31,2750,0,2577
2670,59698,31,2751,0,2577
2671,59731,33,2752,0,2577
2672,59758,27,2753,0,2577
2673,59780,22,2754,0,2577
2674,59799,19,2755,0,2577
2675,59831,32,2756,0,2577
2676,59859,28,2757,0,2577
2677,59899,40,2758,0,2577
2678,59936,37,2759,0,2577
2679,59954,18,2760,0,2577
2680,59970,16,2761,0,2577
2681,59986,16,2762,0,2577
2682,60002,16,2763,0,2577
2683,60018,16,2764,0,2577
2684,60034,16,2765,0,2577
2685,60050,16,2766,0,2577
2686,60066,16,2767,0,2577
2687,60082,16,2768,0,2577
2688,60098,16,2769,0,2577
2689,60114,16,2770,0,2577
2690,60130,16,2771,0,2577
2691,60146,16,2772,0,2577
2692,60162,16,2773,0,2577
2693,60178,16,2774,0,2577
2694,60194,16,2775,0,2577
2695,60210,16,2776,0,2577
2696,60226,16,2777,0,2577
2697,60242,16,2778,0,2577
2698,60258,16,2779,0,2577
2699,60274,16,2780,0,2577
2700,60290,16,2781,0,2577
2701,60306,16,2782,0,2577
2702,60322,16,2783,0,2577
2703,60338,16,2784,0,2577
2704,60354,16,2785,0,2577
2705,60370,16,2786,0,2577
2706,60386,16,2787,0,2577
2707,60402,16,2788,0,2577
2708,60418,16,2789,0,2577
2709,60434,16,2790,0,2577
2710,60450,16,2791,0,2577
2711,60466,16,2792,0,2577
2712,60482,16,2793,0,2577
2713,60498,16,2794,0,2577
2714,60514,16,2795,0,2577
2715,60530,16,2796,0,2577
2716,60546,16,2797,0,2577
2717,60562,16,2798,0,2577
2718,60578,16,2799,0,2577
2719,60594,16,2800,0,2577
2720,60610,16,2801,0,2577
2721,60626,16,2802,0,2577
2722,60642,16,2803,0,2577
2723,60658,16,2804,0,2577
2724,60674,16,2805,0,2577
2725,60690,16,2806,0,2577
2726,60706,16,2807,0,2577
2727,60722,16,2808,0,2577
2728,60738,16,2809,0,2577
2729,60754,16,2810,0,2577
2730,60770,16,2811,0,2577
2731,60786,16,2812,0,2577
2732,60802,16,2813,0,2577
2733,60818,16,2814,0,2577
2734,60834,16,2815,0,2577
2735,60850,16,2816,0,2577
2736,60866,16,2817,0,2577
2737,60882,16,2818,0,2577
2738,60898,16,2819,0,2577
2739,60914,16,2820,0,2577
2740,60930,16,2821,0,2577
2741,60946,16,2822,0,2577
2742,60962,16,2823,0,2577
2743,60978,16,2824,0,2577
2744,60994,16,2825,0,2577
2745,61010,16,2826,0,2577
2746,61026,16,2827,0,2577
2747,61042,16,2828,0,2577
2748,61058,16,2829,0,2577
2749,61074,16,2830,0,2577
2750,61090,16,2831,0,2577
2751,61106,16,2832,0,2577
2752,61122,16,2833,0,2577
2753,61138,16,2834,0,2577
2754,61154,16,2835,0,2577
2755,61170,16,2836,0,2577
2756,61186,16,2837,0,2577
2757,61202,16,2838,0,2577
2758,61218,16,2839,0,2577
2759,61234,16,2840,0,2577
2760,61250,16,2841,0,2577
2761,61266,16,2842,0,2577
2762,61282,16,2843,0,2577
2763,61298,16,2844,0,2577
2764,61314,16,2845,0,2577
2765,61330,16,2846,0,2577
2766,61346,16,2847,0,2577
2767,61362,16,2848,0,2577
2768,61378,16,2849,0,2577
2769,61394,16,2850,0,2577
2770,61410,16,2851,0,2577
2771,61426,16,2852,0,2577
2772,61442,16,2853,0,2577
2773,61458,16,2854,0,2577
2774,61474,16,2855,0,2577
2775,61490,16,2856,0,2577
2776,61506,16,2857,0,2577
2777,61522,16,2858,0,2577
2778,61538,16,2859,0,2577
2779,61554,16,2860,0,2577
2780,61570,16,2861,0,2577
2781,61586,16,2862,0,2577
2782,61602,16,2863,0,2577
2783,61618,16,2864,0,2577
2784,61634,16,2865,0,2577
2785,61650,16,2866,0,2577
2786,61666,16,2867,0,2577
2787,61682,16,2868,0,2577
2788,61698,16,2869,0,2577
2789,61714,16,2870,0,2577
2790,61730,16,2871,0,2577
2791,61746,16,2872,0,2577
2792,61762,16,2873,0,2577
2793,61778,16,2874,0,2577
2794,61794,16,2875,0,2577
2795,61810,16,2876,0,2577
2796,61826,16,2877,0,2577
2797,61842,16,2878,0,2577
2798,61858,16,2879,0,2577
2799,61874,16,2880,0,2577
2800,61890,16,2881,0,2577
2801,61906,16,2882,0,2577
2802,61922,16,2883,0,2577
2803,61938,16,2884,0,2577
2804,61954,16,2885,0,2577
2805,61970,16,2886,0,2577
2806,61986,16,2887,0,2577
2807,62002,16,2888,0,2577
2808,62018,16,2889,0,2577
2809,62034,16,2890,0,2577
2810,62050,16,2891,0,2577
2811,62066,16,2892,0,2577
2812,62082,16,2893,0,2577
2813,62098,16,2894,0,2577
2814,62114,16,2895,0,2577
2815,62130,16,2896,0,2577
2816,62146,16,2897,0,2577
2817,62162,16,2898,0,2577
2818,62178,16,2899,0,2577
2819,62194,16,2900,0,2577
2820,62210,16,2901,0,2577
2821,62226,16,2902,0,2577
2822,62242,16,2903,0,2577
2823,62258,16,2904,0,2577
2824,62274,16,2905,0,2577
2825,62290,16,2906,0,2577
2826,62306,16,2907,0,2577
2827,62322,16,2908,0,2577
2828,62338,16,2909,0,2577
2829,62354,16,2910,0,2577
